Subj, ROI, Voxels
sub-02, CA1, 165
sub-03, CA1, 136
sub-04, CA1, 157
sub-05, CA1, 151
sub-06, CA1, 150
sub-07, CA1, 157
sub-08, CA1, 146
sub-09, CA1, 156
sub-10, CA1, 142
sub-11, CA1, 146
sub-12, CA1, 158
sub-101, CA1, 138
sub-102, CA1, 135
sub-104, CA1, 167
sub-105, CA1, 158
sub-106, CA1, 138
sub-107, CA1, 153
sub-108, CA1, 156
sub-109, CA1, 157
sub-110, CA1, 164
sub-111, CA1, 166
sub-112, CA1, 146
sub-113, CA1, 135
sub-114, CA1, 150
sub-115, CA1, 145
sub-116, CA1, 143
sub-117, CA1, 143
sub-118, CA1, 143
sub-119, CA1, 140
sub-120, CA1, 148
sub-121, CA1, 153
sub-122, CA1, 140
sub-123, CA1, 163
sub-124, CA1, 141
sub-125, CA1, 151
sub-126, CA1, 157
sub-127, CA1, 143
sub-02, CA3, 45
sub-03, CA3, 40
sub-04, CA3, 47
sub-05, CA3, 36
sub-06, CA3, 40
sub-07, CA3, 52
sub-08, CA3, 36
sub-09, CA3, 44
sub-10, CA3, 43
sub-11, CA3, 51
sub-12, CA3, 38
sub-101, CA3, 46
sub-102, CA3, 36
sub-104, CA3, 50
sub-105, CA3, 44
sub-106, CA3, 30
sub-107, CA3, 51
sub-108, CA3, 36
sub-109, CA3, 44
sub-110, CA3, 55
sub-111, CA3, 52
sub-112, CA3, 47
sub-113, CA3, 47
sub-114, CA3, 47
sub-115, CA3, 47
sub-116, CA3, 40
sub-117, CA3, 48
sub-118, CA3, 48
sub-119, CA3, 49
sub-120, CA3, 53
sub-121, CA3, 51
sub-122, CA3, 60
sub-123, CA3, 54
sub-124, CA3, 42
sub-125, CA3, 46
sub-126, CA3, 56
sub-127, CA3, 42
sub-02, Caudate, 623
sub-03, Caudate, 703
sub-04, Caudate, 642
sub-05, Caudate, 661
sub-06, Caudate, 744
sub-07, Caudate, 705
sub-08, Caudate, 633
sub-09, Caudate, 645
sub-10, Caudate, 584
sub-11, Caudate, 690
sub-12, Caudate, 674
sub-101, Caudate, 602
sub-102, Caudate, 687
sub-104, Caudate, 615
sub-105, Caudate, 621
sub-106, Caudate, 634
sub-107, Caudate, 598
sub-108, Caudate, 608
sub-109, Caudate, 620
sub-110, Caudate, 706
sub-111, Caudate, 654
sub-112, Caudate, 688
sub-113, Caudate, 630
sub-114, Caudate, 701
sub-115, Caudate, 672
sub-116, Caudate, 653
sub-117, Caudate, 626
sub-118, Caudate, 660
sub-119, Caudate, 617
sub-120, Caudate, 595
sub-121, Caudate, 658
sub-122, Caudate, 635
sub-123, Caudate, 653
sub-124, Caudate, 594
sub-125, Caudate, 634
sub-126, Caudate, 597
sub-127, Caudate, 633
sub-02, CBM, 9334
sub-03, CBM, 9424
sub-04, CBM, 9381
sub-05, CBM, 9427
sub-06, CBM, 9602
sub-07, CBM, 9560
sub-08, CBM, 9287
sub-09, CBM, 9364
sub-10, CBM, 9276
sub-11, CBM, 9468
sub-12, CBM, 9291
sub-101, CBM, 9587
sub-102, CBM, 9506
sub-104, CBM, 9369
sub-105, CBM, 9310
sub-106, CBM, 9379
sub-107, CBM, 9404
sub-108, CBM, 9484
sub-109, CBM, 9455
sub-110, CBM, 9577
sub-111, CBM, 9377
sub-112, CBM, 9342
sub-113, CBM, 9452
sub-114, CBM, 9522
sub-115, CBM, 9432
sub-116, CBM, 9405
sub-117, CBM, 9213
sub-118, CBM, 9405
sub-119, CBM, 9450
sub-120, CBM, 9456
sub-121, CBM, 9389
sub-122, CBM, 9514
sub-123, CBM, 9435
sub-124, CBM, 9514
sub-125, CBM, 9426
sub-126, CBM, 9609
sub-127, CBM, 9335
sub-02, CBM_wm, 2495
sub-03, CBM_wm, 2268
sub-04, CBM_wm, 2520
sub-05, CBM_wm, 2355
sub-06, CBM_wm, 2371
sub-07, CBM_wm, 2401
sub-08, CBM_wm, 2437
sub-09, CBM_wm, 2370
sub-10, CBM_wm, 2439
sub-11, CBM_wm, 2234
sub-12, CBM_wm, 2261
sub-101, CBM_wm, 2365
sub-102, CBM_wm, 2302
sub-104, CBM_wm, 2304
sub-105, CBM_wm, 2453
sub-106, CBM_wm, 2572
sub-107, CBM_wm, 2398
sub-108, CBM_wm, 2204
sub-109, CBM_wm, 2218
sub-110, CBM_wm, 2279
sub-111, CBM_wm, 2364
sub-112, CBM_wm, 2357
sub-113, CBM_wm, 2250
sub-114, CBM_wm, 2392
sub-115, CBM_wm, 2355
sub-116, CBM_wm, 2265
sub-117, CBM_wm, 2519
sub-118, CBM_wm, 2315
sub-119, CBM_wm, 2443
sub-120, CBM_wm, 2545
sub-121, CBM_wm, 2480
sub-122, CBM_wm, 2373
sub-123, CBM_wm, 2448
sub-124, CBM_wm, 2452
sub-125, CBM_wm, 2447
sub-126, CBM_wm, 2287
sub-127, CBM_wm, 2313
sub-02, Cuneus, 559
sub-03, Cuneus, 642
sub-04, Cuneus, 575
sub-05, Cuneus, 439
sub-06, Cuneus, 558
sub-07, Cuneus, 538
sub-08, Cuneus, 647
sub-09, Cuneus, 567
sub-10, Cuneus, 555
sub-11, Cuneus, 666
sub-12, Cuneus, 601
sub-101, Cuneus, 520
sub-102, Cuneus, 603
sub-104, Cuneus, 619
sub-105, Cuneus, 580
sub-106, Cuneus, 529
sub-107, Cuneus, 601
sub-108, Cuneus, 538
sub-109, Cuneus, 656
sub-110, Cuneus, 707
sub-111, Cuneus, 596
sub-112, Cuneus, 654
sub-113, Cuneus, 784
sub-114, Cuneus, 612
sub-115, Cuneus, 525
sub-116, Cuneus, 648
sub-117, Cuneus, 525
sub-118, Cuneus, 598
sub-119, Cuneus, 506
sub-120, Cuneus, 515
sub-121, Cuneus, 605
sub-122, Cuneus, 427
sub-123, Cuneus, 578
sub-124, Cuneus, 573
sub-125, Cuneus, 562
sub-126, Cuneus, 517
sub-127, Cuneus, 599
sub-02, DG, 118
sub-03, DG, 99
sub-04, DG, 101
sub-05, DG, 103
sub-06, DG, 100
sub-07, DG, 111
sub-08, DG, 106
sub-09, DG, 112
sub-10, DG, 112
sub-11, DG, 117
sub-12, DG, 111
sub-101, DG, 103
sub-102, DG, 109
sub-104, DG, 120
sub-105, DG, 115
sub-106, DG, 114
sub-107, DG, 117
sub-108, DG, 116
sub-109, DG, 121
sub-110, DG, 114
sub-111, DG, 121
sub-112, DG, 120
sub-113, DG, 106
sub-114, DG, 113
sub-115, DG, 108
sub-116, DG, 104
sub-117, DG, 100
sub-118, DG, 128
sub-119, DG, 117
sub-120, DG, 105
sub-121, DG, 95
sub-122, DG, 116
sub-123, DG, 114
sub-124, DG, 110
sub-125, DG, 107
sub-126, DG, 148
sub-127, DG, 102
sub-02, ERC, 313
sub-03, ERC, 150
sub-04, ERC, 245
sub-05, ERC, 258
sub-06, ERC, 239
sub-07, ERC, 260
sub-08, ERC, 205
sub-09, ERC, 328
sub-10, ERC, 258
sub-11, ERC, 262
sub-12, ERC, 220
sub-101, ERC, 185
sub-102, ERC, 254
sub-104, ERC, 232
sub-105, ERC, 218
sub-106, ERC, 227
sub-107, ERC, 207
sub-108, ERC, 199
sub-109, ERC, 249
sub-110, ERC, 207
sub-111, ERC, 279
sub-112, ERC, 189
sub-113, ERC, 232
sub-114, ERC, 171
sub-115, ERC, 204
sub-116, ERC, 216
sub-117, ERC, 195
sub-118, ERC, 235
sub-119, ERC, 268
sub-120, ERC, 216
sub-121, ERC, 261
sub-122, ERC, 210
sub-123, ERC, 205
sub-124, ERC, 204
sub-125, ERC, 232
sub-126, ERC, 226
sub-127, ERC, 206
sub-02, Fusiform, 1468
sub-03, Fusiform, 1350
sub-04, Fusiform, 1702
sub-05, Fusiform, 1370
sub-06, Fusiform, 1536
sub-07, Fusiform, 1528
sub-08, Fusiform, 1571
sub-09, Fusiform, 1564
sub-10, Fusiform, 1377
sub-11, Fusiform, 1592
sub-12, Fusiform, 1507
sub-101, Fusiform, 1278
sub-102, Fusiform, 1444
sub-104, Fusiform, 1517
sub-105, Fusiform, 1530
sub-106, Fusiform, 1386
sub-107, Fusiform, 1446
sub-108, Fusiform, 1645
sub-109, Fusiform, 1535
sub-110, Fusiform, 1643
sub-111, Fusiform, 1638
sub-112, Fusiform, 1608
sub-113, Fusiform, 1327
sub-114, Fusiform, 1565
sub-115, Fusiform, 1336
sub-116, Fusiform, 1471
sub-117, Fusiform, 1482
sub-118, Fusiform, 1753
sub-119, Fusiform, 1491
sub-120, Fusiform, 1350
sub-121, Fusiform, 1389
sub-122, Fusiform, 1313
sub-123, Fusiform, 1395
sub-124, Fusiform, 1553
sub-125, Fusiform, 1565
sub-126, Fusiform, 1466
sub-127, Fusiform, 1649
sub-02, GP, 335
sub-03, GP, 337
sub-04, GP, 336
sub-05, GP, 379
sub-06, GP, 325
sub-07, GP, 328
sub-08, GP, 312
sub-09, GP, 353
sub-10, GP, 331
sub-11, GP, 272
sub-12, GP, 311
sub-101, GP, 340
sub-102, GP, 316
sub-104, GP, 323
sub-105, GP, 346
sub-106, GP, 296
sub-107, GP, 314
sub-108, GP, 335
sub-109, GP, 304
sub-110, GP, 316
sub-111, GP, 324
sub-112, GP, 327
sub-113, GP, 328
sub-114, GP, 347
sub-115, GP, 351
sub-116, GP, 333
sub-117, GP, 321
sub-118, GP, 305
sub-119, GP, 322
sub-120, GP, 333
sub-121, GP, 323
sub-122, GP, 322
sub-123, GP, 280
sub-124, GP, 313
sub-125, GP, 315
sub-126, GP, 331
sub-127, GP, 322
sub-02, High-Vis, 1285
sub-03, High-Vis, 1456
sub-04, High-Vis, 1333
sub-05, High-Vis, 1305
sub-06, High-Vis, 1176
sub-07, High-Vis, 1308
sub-08, High-Vis, 1316
sub-09, High-Vis, 1127
sub-10, High-Vis, 1315
sub-11, High-Vis, 1262
sub-12, High-Vis, 1467
sub-101, High-Vis, 1086
sub-102, High-Vis, 1414
sub-104, High-Vis, 1235
sub-105, High-Vis, 1345
sub-106, High-Vis, 1402
sub-107, High-Vis, 1277
sub-108, High-Vis, 1254
sub-109, High-Vis, 1184
sub-110, High-Vis, 1480
sub-111, High-Vis, 1323
sub-112, High-Vis, 1293
sub-113, High-Vis, 1213
sub-114, High-Vis, 1549
sub-115, High-Vis, 1146
sub-116, High-Vis, 1175
sub-117, High-Vis, 1361
sub-118, High-Vis, 1316
sub-119, High-Vis, 1278
sub-120, High-Vis, 1144
sub-121, High-Vis, 1210
sub-122, High-Vis, 1300
sub-123, High-Vis, 1350
sub-124, High-Vis, 1263
sub-125, High-Vis, 1167
sub-126, High-Vis, 1248
sub-127, High-Vis, 1176
sub-02, Hipp-CA1, 125
sub-03, Hipp-CA1, 114
sub-04, Hipp-CA1, 119
sub-05, Hipp-CA1, 107
sub-06, Hipp-CA1, 104
sub-07, Hipp-CA1, 106
sub-08, Hipp-CA1, 129
sub-09, Hipp-CA1, 119
sub-10, Hipp-CA1, 128
sub-11, Hipp-CA1, 102
sub-12, Hipp-CA1, 100
sub-101, Hipp-CA1, 112
sub-102, Hipp-CA1, 86
sub-104, Hipp-CA1, 109
sub-105, Hipp-CA1, 105
sub-106, Hipp-CA1, 83
sub-107, Hipp-CA1, 110
sub-108, Hipp-CA1, 117
sub-109, Hipp-CA1, 126
sub-110, Hipp-CA1, 105
sub-111, Hipp-CA1, 120
sub-112, Hipp-CA1, 101
sub-113, Hipp-CA1, 96
sub-114, Hipp-CA1, 116
sub-115, Hipp-CA1, 98
sub-116, Hipp-CA1, 114
sub-117, Hipp-CA1, 111
sub-118, Hipp-CA1, 115
sub-119, Hipp-CA1, 113
sub-120, Hipp-CA1, 100
sub-121, Hipp-CA1, 114
sub-122, Hipp-CA1, 118
sub-123, Hipp-CA1, 106
sub-124, Hipp-CA1, 96
sub-125, Hipp-CA1, 104
sub-126, Hipp-CA1, 127
sub-127, Hipp-CA1, 114
sub-02, Hipp-CA2+3, 63
sub-03, Hipp-CA2+3, 68
sub-04, Hipp-CA2+3, 59
sub-05, Hipp-CA2+3, 72
sub-06, Hipp-CA2+3, 49
sub-07, Hipp-CA2+3, 55
sub-08, Hipp-CA2+3, 56
sub-09, Hipp-CA2+3, 63
sub-10, Hipp-CA2+3, 74
sub-11, Hipp-CA2+3, 66
sub-12, Hipp-CA2+3, 68
sub-101, Hipp-CA2+3, 77
sub-102, Hipp-CA2+3, 70
sub-104, Hipp-CA2+3, 54
sub-105, Hipp-CA2+3, 60
sub-106, Hipp-CA2+3, 63
sub-107, Hipp-CA2+3, 46
sub-108, Hipp-CA2+3, 67
sub-109, Hipp-CA2+3, 64
sub-110, Hipp-CA2+3, 67
sub-111, Hipp-CA2+3, 65
sub-112, Hipp-CA2+3, 49
sub-113, Hipp-CA2+3, 57
sub-114, Hipp-CA2+3, 57
sub-115, Hipp-CA2+3, 53
sub-116, Hipp-CA2+3, 69
sub-117, Hipp-CA2+3, 73
sub-118, Hipp-CA2+3, 63
sub-119, Hipp-CA2+3, 71
sub-120, Hipp-CA2+3, 56
sub-121, Hipp-CA2+3, 72
sub-122, Hipp-CA2+3, 61
sub-123, Hipp-CA2+3, 61
sub-124, Hipp-CA2+3, 57
sub-125, Hipp-CA2+3, 59
sub-126, Hipp-CA2+3, 69
sub-127, Hipp-CA2+3, 61
sub-02, Hipp-CA2, 29
sub-03, Hipp-CA2, 17
sub-04, Hipp-CA2, 18
sub-05, Hipp-CA2, 23
sub-06, Hipp-CA2, 13
sub-07, Hipp-CA2, 18
sub-08, Hipp-CA2, 19
sub-09, Hipp-CA2, 20
sub-10, Hipp-CA2, 34
sub-11, Hipp-CA2, 20
sub-12, Hipp-CA2, 23
sub-101, Hipp-CA2, 32
sub-102, Hipp-CA2, 13
sub-104, Hipp-CA2, 19
sub-105, Hipp-CA2, 23
sub-106, Hipp-CA2, 16
sub-107, Hipp-CA2, 17
sub-108, Hipp-CA2, 28
sub-109, Hipp-CA2, 20
sub-110, Hipp-CA2, 23
sub-111, Hipp-CA2, 28
sub-112, Hipp-CA2, 24
sub-113, Hipp-CA2, 14
sub-114, Hipp-CA2, 15
sub-115, Hipp-CA2, 21
sub-116, Hipp-CA2, 25
sub-117, Hipp-CA2, 22
sub-118, Hipp-CA2, 19
sub-119, Hipp-CA2, 24
sub-120, Hipp-CA2, 10
sub-121, Hipp-CA2, 27
sub-122, Hipp-CA2, 21
sub-123, Hipp-CA2, 22
sub-124, Hipp-CA2, 19
sub-125, Hipp-CA2, 20
sub-126, Hipp-CA2, 21
sub-127, Hipp-CA2, 20
sub-02, Hipp-CA3, 34
sub-03, Hipp-CA3, 51
sub-04, Hipp-CA3, 41
sub-05, Hipp-CA3, 49
sub-06, Hipp-CA3, 36
sub-07, Hipp-CA3, 37
sub-08, Hipp-CA3, 37
sub-09, Hipp-CA3, 43
sub-10, Hipp-CA3, 40
sub-11, Hipp-CA3, 46
sub-12, Hipp-CA3, 45
sub-101, Hipp-CA3, 45
sub-102, Hipp-CA3, 57
sub-104, Hipp-CA3, 35
sub-105, Hipp-CA3, 37
sub-106, Hipp-CA3, 47
sub-107, Hipp-CA3, 29
sub-108, Hipp-CA3, 39
sub-109, Hipp-CA3, 44
sub-110, Hipp-CA3, 44
sub-111, Hipp-CA3, 37
sub-112, Hipp-CA3, 25
sub-113, Hipp-CA3, 43
sub-114, Hipp-CA3, 42
sub-115, Hipp-CA3, 32
sub-116, Hipp-CA3, 44
sub-117, Hipp-CA3, 51
sub-118, Hipp-CA3, 44
sub-119, Hipp-CA3, 47
sub-120, Hipp-CA3, 46
sub-121, Hipp-CA3, 44
sub-122, Hipp-CA3, 40
sub-123, Hipp-CA3, 39
sub-124, Hipp-CA3, 38
sub-125, Hipp-CA3, 39
sub-126, Hipp-CA3, 48
sub-127, Hipp-CA3, 41
sub-02, Hipp-CA4, 46
sub-03, Hipp-CA4, 56
sub-04, Hipp-CA4, 53
sub-05, Hipp-CA4, 42
sub-06, Hipp-CA4, 54
sub-07, Hipp-CA4, 45
sub-08, Hipp-CA4, 42
sub-09, Hipp-CA4, 53
sub-10, Hipp-CA4, 57
sub-11, Hipp-CA4, 46
sub-12, Hipp-CA4, 50
sub-101, Hipp-CA4, 39
sub-102, Hipp-CA4, 41
sub-104, Hipp-CA4, 56
sub-105, Hipp-CA4, 52
sub-106, Hipp-CA4, 51
sub-107, Hipp-CA4, 52
sub-108, Hipp-CA4, 41
sub-109, Hipp-CA4, 48
sub-110, Hipp-CA4, 55
sub-111, Hipp-CA4, 50
sub-112, Hipp-CA4, 51
sub-113, Hipp-CA4, 44
sub-114, Hipp-CA4, 49
sub-115, Hipp-CA4, 55
sub-116, Hipp-CA4, 29
sub-117, Hipp-CA4, 46
sub-118, Hipp-CA4, 44
sub-119, Hipp-CA4, 51
sub-120, Hipp-CA4, 44
sub-121, Hipp-CA4, 50
sub-122, Hipp-CA4, 47
sub-123, Hipp-CA4, 71
sub-124, Hipp-CA4, 44
sub-125, Hipp-CA4, 48
sub-126, Hipp-CA4, 44
sub-127, Hipp-CA4, 45
sub-02, Hipp-cysts, 0
sub-03, Hipp-cysts, 0
sub-04, Hipp-cysts, 0
sub-05, Hipp-cysts, 0
sub-06, Hipp-cysts, 0
sub-07, Hipp-cysts, 0
sub-08, Hipp-cysts, 0
sub-09, Hipp-cysts, 0
sub-10, Hipp-cysts, 2
sub-11, Hipp-cysts, 0
sub-12, Hipp-cysts, 0
sub-101, Hipp-cysts, 0
sub-102, Hipp-cysts, 0
sub-104, Hipp-cysts, 0
sub-105, Hipp-cysts, 1
sub-106, Hipp-cysts, 0
sub-107, Hipp-cysts, 0
sub-108, Hipp-cysts, 0
sub-109, Hipp-cysts, 0
sub-110, Hipp-cysts, 0
sub-111, Hipp-cysts, 0
sub-112, Hipp-cysts, 0
sub-113, Hipp-cysts, 0
sub-114, Hipp-cysts, 1
sub-115, Hipp-cysts, 1
sub-116, Hipp-cysts, 0
sub-117, Hipp-cysts, 0
sub-118, Hipp-cysts, 1
sub-119, Hipp-cysts, 1
sub-120, Hipp-cysts, 0
sub-121, Hipp-cysts, 0
sub-122, Hipp-cysts, 0
sub-123, Hipp-cysts, 0
sub-124, Hipp-cysts, 0
sub-125, Hipp-cysts, 0
sub-126, Hipp-cysts, 1
sub-127, Hipp-cysts, 1
sub-02, Hipp-DG+CA4, 70
sub-03, Hipp-DG+CA4, 76
sub-04, Hipp-DG+CA4, 70
sub-05, Hipp-DG+CA4, 64
sub-06, Hipp-DG+CA4, 70
sub-07, Hipp-DG+CA4, 61
sub-08, Hipp-DG+CA4, 64
sub-09, Hipp-DG+CA4, 73
sub-10, Hipp-DG+CA4, 77
sub-11, Hipp-DG+CA4, 61
sub-12, Hipp-DG+CA4, 66
sub-101, Hipp-DG+CA4, 59
sub-102, Hipp-DG+CA4, 62
sub-104, Hipp-DG+CA4, 72
sub-105, Hipp-DG+CA4, 64
sub-106, Hipp-DG+CA4, 68
sub-107, Hipp-DG+CA4, 75
sub-108, Hipp-DG+CA4, 56
sub-109, Hipp-DG+CA4, 66
sub-110, Hipp-DG+CA4, 74
sub-111, Hipp-DG+CA4, 73
sub-112, Hipp-DG+CA4, 60
sub-113, Hipp-DG+CA4, 49
sub-114, Hipp-DG+CA4, 68
sub-115, Hipp-DG+CA4, 72
sub-116, Hipp-DG+CA4, 51
sub-117, Hipp-DG+CA4, 63
sub-118, Hipp-DG+CA4, 66
sub-119, Hipp-DG+CA4, 66
sub-120, Hipp-DG+CA4, 67
sub-121, Hipp-DG+CA4, 82
sub-122, Hipp-DG+CA4, 71
sub-123, Hipp-DG+CA4, 82
sub-124, Hipp-DG+CA4, 56
sub-125, Hipp-DG+CA4, 60
sub-126, Hipp-DG+CA4, 66
sub-127, Hipp-DG+CA4, 63
sub-02, Hipp-DG, 24
sub-03, Hipp-DG, 20
sub-04, Hipp-DG, 17
sub-05, Hipp-DG, 22
sub-06, Hipp-DG, 16
sub-07, Hipp-DG, 16
sub-08, Hipp-DG, 22
sub-09, Hipp-DG, 20
sub-10, Hipp-DG, 20
sub-11, Hipp-DG, 15
sub-12, Hipp-DG, 16
sub-101, Hipp-DG, 20
sub-102, Hipp-DG, 21
sub-104, Hipp-DG, 16
sub-105, Hipp-DG, 12
sub-106, Hipp-DG, 17
sub-107, Hipp-DG, 23
sub-108, Hipp-DG, 15
sub-109, Hipp-DG, 18
sub-110, Hipp-DG, 19
sub-111, Hipp-DG, 23
sub-112, Hipp-DG, 9
sub-113, Hipp-DG, 5
sub-114, Hipp-DG, 19
sub-115, Hipp-DG, 17
sub-116, Hipp-DG, 22
sub-117, Hipp-DG, 17
sub-118, Hipp-DG, 22
sub-119, Hipp-DG, 15
sub-120, Hipp-DG, 23
sub-121, Hipp-DG, 32
sub-122, Hipp-DG, 24
sub-123, Hipp-DG, 11
sub-124, Hipp-DG, 12
sub-125, Hipp-DG, 12
sub-126, Hipp-DG, 22
sub-127, Hipp-DG, 18
sub-02, Hipp+MTL, 1290
sub-03, Hipp+MTL, 914
sub-04, Hipp+MTL, 1106
sub-05, Hipp+MTL, 1060
sub-06, Hipp+MTL, 1039
sub-07, Hipp+MTL, 1001
sub-08, Hipp+MTL, 983
sub-09, Hipp+MTL, 1244
sub-10, Hipp+MTL, 1134
sub-11, Hipp+MTL, 1102
sub-12, Hipp+MTL, 993
sub-101, Hipp+MTL, 893
sub-102, Hipp+MTL, 1005
sub-104, Hipp+MTL, 1096
sub-105, Hipp+MTL, 998
sub-106, Hipp+MTL, 965
sub-107, Hipp+MTL, 959
sub-108, Hipp+MTL, 1022
sub-109, Hipp+MTL, 1121
sub-110, Hipp+MTL, 969
sub-111, Hipp+MTL, 1228
sub-112, Hipp+MTL, 959
sub-113, Hipp+MTL, 905
sub-114, Hipp+MTL, 930
sub-115, Hipp+MTL, 959
sub-116, Hipp+MTL, 991
sub-117, Hipp+MTL, 972
sub-118, Hipp+MTL, 1011
sub-119, Hipp+MTL, 1108
sub-120, Hipp+MTL, 995
sub-121, Hipp+MTL, 1153
sub-122, Hipp+MTL, 1022
sub-123, Hipp+MTL, 1093
sub-124, Hipp+MTL, 949
sub-125, Hipp+MTL, 1003
sub-126, Hipp+MTL, 1123
sub-127, Hipp+MTL, 996
sub-02, Hippocampus, 463
sub-03, Hippocampus, 456
sub-04, Hippocampus, 446
sub-05, Hippocampus, 425
sub-06, Hippocampus, 402
sub-07, Hippocampus, 398
sub-08, Hippocampus, 445
sub-09, Hippocampus, 459
sub-10, Hippocampus, 466
sub-11, Hippocampus, 425
sub-12, Hippocampus, 388
sub-101, Hippocampus, 437
sub-102, Hippocampus, 393
sub-104, Hippocampus, 424
sub-105, Hippocampus, 409
sub-106, Hippocampus, 397
sub-107, Hippocampus, 420
sub-108, Hippocampus, 412
sub-109, Hippocampus, 469
sub-110, Hippocampus, 419
sub-111, Hippocampus, 458
sub-112, Hippocampus, 349
sub-113, Hippocampus, 343
sub-114, Hippocampus, 427
sub-115, Hippocampus, 379
sub-116, Hippocampus, 424
sub-117, Hippocampus, 437
sub-118, Hippocampus, 416
sub-119, Hippocampus, 434
sub-120, Hippocampus, 421
sub-121, Hippocampus, 443
sub-122, Hippocampus, 455
sub-123, Hippocampus, 432
sub-124, Hippocampus, 388
sub-125, Hippocampus, 409
sub-126, Hippocampus, 469
sub-127, Hippocampus, 426
sub-02, Hipp-SRLM, 106
sub-03, Hipp-SRLM, 94
sub-04, Hipp-SRLM, 96
sub-05, Hipp-SRLM, 85
sub-06, Hipp-SRLM, 81
sub-07, Hipp-SRLM, 86
sub-08, Hipp-SRLM, 105
sub-09, Hipp-SRLM, 99
sub-10, Hipp-SRLM, 89
sub-11, Hipp-SRLM, 95
sub-12, Hipp-SRLM, 74
sub-101, Hipp-SRLM, 94
sub-102, Hipp-SRLM, 81
sub-104, Hipp-SRLM, 89
sub-105, Hipp-SRLM, 91
sub-106, Hipp-SRLM, 75
sub-107, Hipp-SRLM, 92
sub-108, Hipp-SRLM, 77
sub-109, Hipp-SRLM, 105
sub-110, Hipp-SRLM, 77
sub-111, Hipp-SRLM, 91
sub-112, Hipp-SRLM, 67
sub-113, Hipp-SRLM, 76
sub-114, Hipp-SRLM, 87
sub-115, Hipp-SRLM, 80
sub-116, Hipp-SRLM, 89
sub-117, Hipp-SRLM, 91
sub-118, Hipp-SRLM, 81
sub-119, Hipp-SRLM, 98
sub-120, Hipp-SRLM, 101
sub-121, Hipp-SRLM, 82
sub-122, Hipp-SRLM, 103
sub-123, Hipp-SRLM, 84
sub-124, Hipp-SRLM, 84
sub-125, Hipp-SRLM, 92
sub-126, Hipp-SRLM, 106
sub-127, Hipp-SRLM, 96
sub-02, Hipp-Sub, 99
sub-03, Hipp-Sub, 104
sub-04, Hipp-Sub, 102
sub-05, Hipp-Sub, 97
sub-06, Hipp-Sub, 97
sub-07, Hipp-Sub, 90
sub-08, Hipp-Sub, 91
sub-09, Hipp-Sub, 105
sub-10, Hipp-Sub, 96
sub-11, Hipp-Sub, 101
sub-12, Hipp-Sub, 80
sub-101, Hipp-Sub, 95
sub-102, Hipp-Sub, 94
sub-104, Hipp-Sub, 100
sub-105, Hipp-Sub, 88
sub-106, Hipp-Sub, 108
sub-107, Hipp-Sub, 97
sub-108, Hipp-Sub, 95
sub-109, Hipp-Sub, 108
sub-110, Hipp-Sub, 96
sub-111, Hipp-Sub, 109
sub-112, Hipp-Sub, 72
sub-113, Hipp-Sub, 65
sub-114, Hipp-Sub, 98
sub-115, Hipp-Sub, 75
sub-116, Hipp-Sub, 101
sub-117, Hipp-Sub, 99
sub-118, Hipp-Sub, 90
sub-119, Hipp-Sub, 85
sub-120, Hipp-Sub, 97
sub-121, Hipp-Sub, 94
sub-122, Hipp-Sub, 102
sub-123, Hipp-Sub, 99
sub-124, Hipp-Sub, 95
sub-125, Hipp-Sub, 93
sub-126, Hipp-Sub, 100
sub-127, Hipp-Sub, 91
sub-02, HPC-body, 220
sub-03, HPC-body, 196
sub-04, HPC-body, 204
sub-05, HPC-body, 225
sub-06, HPC-body, 197
sub-07, HPC-body, 183
sub-08, HPC-body, 198
sub-09, HPC-body, 210
sub-10, HPC-body, 190
sub-11, HPC-body, 211
sub-12, HPC-body, 189
sub-101, HPC-body, 176
sub-102, HPC-body, 203
sub-104, HPC-body, 217
sub-105, HPC-body, 208
sub-106, HPC-body, 188
sub-107, HPC-body, 214
sub-108, HPC-body, 187
sub-109, HPC-body, 209
sub-110, HPC-body, 187
sub-111, HPC-body, 218
sub-112, HPC-body, 204
sub-113, HPC-body, 178
sub-114, HPC-body, 202
sub-115, HPC-body, 178
sub-116, HPC-body, 205
sub-117, HPC-body, 185
sub-118, HPC-body, 212
sub-119, HPC-body, 195
sub-120, HPC-body, 208
sub-121, HPC-body, 203
sub-122, HPC-body, 213
sub-123, HPC-body, 215
sub-124, HPC-body, 195
sub-125, HPC-body, 183
sub-126, HPC-body, 243
sub-127, HPC-body, 193
sub-02, HPC-head, 316
sub-03, HPC-head, 277
sub-04, HPC-head, 317
sub-05, HPC-head, 310
sub-06, HPC-head, 302
sub-07, HPC-head, 307
sub-08, HPC-head, 281
sub-09, HPC-head, 300
sub-10, HPC-head, 293
sub-11, HPC-head, 288
sub-12, HPC-head, 292
sub-101, HPC-head, 269
sub-102, HPC-head, 272
sub-104, HPC-head, 319
sub-105, HPC-head, 297
sub-106, HPC-head, 285
sub-107, HPC-head, 307
sub-108, HPC-head, 296
sub-109, HPC-head, 300
sub-110, HPC-head, 320
sub-111, HPC-head, 315
sub-112, HPC-head, 292
sub-113, HPC-head, 295
sub-114, HPC-head, 280
sub-115, HPC-head, 290
sub-116, HPC-head, 275
sub-117, HPC-head, 281
sub-118, HPC-head, 290
sub-119, HPC-head, 292
sub-120, HPC-head, 297
sub-121, HPC-head, 299
sub-122, HPC-head, 298
sub-123, HPC-head, 322
sub-124, HPC-head, 277
sub-125, HPC-head, 300
sub-126, HPC-head, 321
sub-127, HPC-head, 286
sub-02, HPC+MTL, 4835
sub-03, HPC+MTL, 3795
sub-04, HPC+MTL, 4360
sub-05, HPC+MTL, 4343
sub-06, HPC+MTL, 4292
sub-07, HPC+MTL, 4260
sub-08, HPC+MTL, 3976
sub-09, HPC+MTL, 4755
sub-10, HPC+MTL, 4511
sub-11, HPC+MTL, 4449
sub-12, HPC+MTL, 4184
sub-101, HPC+MTL, 3936
sub-102, HPC+MTL, 4098
sub-104, HPC+MTL, 4359
sub-105, HPC+MTL, 4221
sub-106, HPC+MTL, 4058
sub-107, HPC+MTL, 4114
sub-108, HPC+MTL, 4051
sub-109, HPC+MTL, 4378
sub-110, HPC+MTL, 4044
sub-111, HPC+MTL, 4649
sub-112, HPC+MTL, 4284
sub-113, HPC+MTL, 3969
sub-114, HPC+MTL, 3971
sub-115, HPC+MTL, 4147
sub-116, HPC+MTL, 4123
sub-117, HPC+MTL, 3996
sub-118, HPC+MTL, 4134
sub-119, HPC+MTL, 4363
sub-120, HPC+MTL, 4101
sub-121, HPC+MTL, 4468
sub-122, HPC+MTL, 4079
sub-123, HPC+MTL, 4389
sub-124, HPC+MTL, 4051
sub-125, HPC+MTL, 4177
sub-126, HPC+MTL, 4449
sub-127, HPC+MTL, 4058
sub-02, HPC, 732
sub-03, HPC, 708
sub-04, HPC, 734
sub-05, HPC, 725
sub-06, HPC, 694
sub-07, HPC, 707
sub-08, HPC, 669
sub-09, HPC, 749
sub-10, HPC, 688
sub-11, HPC, 724
sub-12, HPC, 702
sub-101, HPC, 659
sub-102, HPC, 651
sub-104, HPC, 691
sub-105, HPC, 675
sub-106, HPC, 705
sub-107, HPC, 727
sub-108, HPC, 659
sub-109, HPC, 746
sub-110, HPC, 730
sub-111, HPC, 734
sub-112, HPC, 707
sub-113, HPC, 681
sub-114, HPC, 714
sub-115, HPC, 690
sub-116, HPC, 700
sub-117, HPC, 698
sub-118, HPC, 692
sub-119, HPC, 694
sub-120, HPC, 671
sub-121, HPC, 713
sub-122, HPC, 682
sub-123, HPC, 695
sub-124, HPC, 694
sub-125, HPC, 704
sub-126, HPC, 766
sub-127, HPC, 747
sub-02, HPC-tail, 102
sub-03, HPC-tail, 100
sub-04, HPC-tail, 104
sub-05, HPC-tail, 99
sub-06, HPC-tail, 95
sub-07, HPC-tail, 95
sub-08, HPC-tail, 88
sub-09, HPC-tail, 105
sub-10, HPC-tail, 102
sub-11, HPC-tail, 98
sub-12, HPC-tail, 99
sub-101, HPC-tail, 86
sub-102, HPC-tail, 92
sub-104, HPC-tail, 104
sub-105, HPC-tail, 90
sub-106, HPC-tail, 113
sub-107, HPC-tail, 90
sub-108, HPC-tail, 81
sub-109, HPC-tail, 103
sub-110, HPC-tail, 96
sub-111, HPC-tail, 106
sub-112, HPC-tail, 92
sub-113, HPC-tail, 96
sub-114, HPC-tail, 99
sub-115, HPC-tail, 100
sub-116, HPC-tail, 91
sub-117, HPC-tail, 99
sub-118, HPC-tail, 99
sub-119, HPC-tail, 98
sub-120, HPC-tail, 86
sub-121, HPC-tail, 98
sub-122, HPC-tail, 105
sub-123, HPC-tail, 95
sub-124, HPC-tail, 107
sub-125, HPC-tail, 94
sub-126, HPC-tail, 112
sub-127, HPC-tail, 98
sub-02, hV4, 423
sub-03, hV4, 536
sub-04, hV4, 446
sub-05, hV4, 421
sub-06, hV4, 390
sub-07, hV4, 395
sub-08, hV4, 402
sub-09, hV4, 349
sub-10, hV4, 359
sub-11, hV4, 366
sub-12, hV4, 423
sub-101, hV4, 356
sub-102, hV4, 402
sub-104, hV4, 316
sub-105, hV4, 437
sub-106, hV4, 377
sub-107, hV4, 381
sub-108, hV4, 414
sub-109, hV4, 453
sub-110, hV4, 511
sub-111, hV4, 368
sub-112, hV4, 360
sub-113, hV4, 364
sub-114, hV4, 488
sub-115, hV4, 368
sub-116, hV4, 342
sub-117, hV4, 414
sub-118, hV4, 379
sub-119, hV4, 296
sub-120, hV4, 328
sub-121, hV4, 364
sub-122, hV4, 290
sub-123, hV4, 412
sub-124, hV4, 400
sub-125, hV4, 458
sub-126, hV4, 366
sub-127, hV4, 358
sub-02, Inf_Pari, 2685
sub-03, Inf_Pari, 2078
sub-04, Inf_Pari, 2665
sub-05, Inf_Pari, 2280
sub-06, Inf_Pari, 2048
sub-07, Inf_Pari, 2500
sub-08, Inf_Pari, 2430
sub-09, Inf_Pari, 2565
sub-10, Inf_Pari, 2416
sub-11, Inf_Pari, 2304
sub-12, Inf_Pari, 2420
sub-101, Inf_Pari, 1994
sub-102, Inf_Pari, 2131
sub-104, Inf_Pari, 2117
sub-105, Inf_Pari, 2335
sub-106, Inf_Pari, 2596
sub-107, Inf_Pari, 2551
sub-108, Inf_Pari, 2731
sub-109, Inf_Pari, 2393
sub-110, Inf_Pari, 2308
sub-111, Inf_Pari, 1898
sub-112, Inf_Pari, 2248
sub-113, Inf_Pari, 2410
sub-114, Inf_Pari, 2596
sub-115, Inf_Pari, 1976
sub-116, Inf_Pari, 2709
sub-117, Inf_Pari, 2542
sub-118, Inf_Pari, 2448
sub-119, Inf_Pari, 2233
sub-120, Inf_Pari, 2506
sub-121, Inf_Pari, 2377
sub-122, Inf_Pari, 3027
sub-123, Inf_Pari, 2786
sub-124, Inf_Pari, 2670
sub-125, Inf_Pari, 2369
sub-126, Inf_Pari, 2632
sub-127, Inf_Pari, 2497
sub-02, Inf_Temp, 1693
sub-03, Inf_Temp, 1779
sub-04, Inf_Temp, 1907
sub-05, Inf_Temp, 1561
sub-06, Inf_Temp, 1892
sub-07, Inf_Temp, 1784
sub-08, Inf_Temp, 1874
sub-09, Inf_Temp, 1708
sub-10, Inf_Temp, 1570
sub-11, Inf_Temp, 1760
sub-12, Inf_Temp, 1845
sub-101, Inf_Temp, 1753
sub-102, Inf_Temp, 1811
sub-104, Inf_Temp, 1777
sub-105, Inf_Temp, 1729
sub-106, Inf_Temp, 2009
sub-107, Inf_Temp, 1898
sub-108, Inf_Temp, 1776
sub-109, Inf_Temp, 1812
sub-110, Inf_Temp, 1875
sub-111, Inf_Temp, 1734
sub-112, Inf_Temp, 1691
sub-113, Inf_Temp, 1518
sub-114, Inf_Temp, 1794
sub-115, Inf_Temp, 1809
sub-116, Inf_Temp, 1706
sub-117, Inf_Temp, 1686
sub-118, Inf_Temp, 1779
sub-119, Inf_Temp, 1879
sub-120, Inf_Temp, 1977
sub-121, Inf_Temp, 1729
sub-122, Inf_Temp, 1868
sub-123, Inf_Temp, 1533
sub-124, Inf_Temp, 1683
sub-125, Inf_Temp, 1682
sub-126, Inf_Temp, 1899
sub-127, Inf_Temp, 2149
sub-02, Insula, 1096
sub-03, Insula, 1224
sub-04, Insula, 1139
sub-05, Insula, 1085
sub-06, Insula, 1188
sub-07, Insula, 1185
sub-08, Insula, 1180
sub-09, Insula, 1103
sub-10, Insula, 1204
sub-11, Insula, 1140
sub-12, Insula, 1179
sub-101, Insula, 1164
sub-102, Insula, 1222
sub-104, Insula, 1105
sub-105, Insula, 1134
sub-106, Insula, 1108
sub-107, Insula, 1076
sub-108, Insula, 1099
sub-109, Insula, 1116
sub-110, Insula, 1283
sub-111, Insula, 1077
sub-112, Insula, 1160
sub-113, Insula, 1069
sub-114, Insula, 1200
sub-115, Insula, 1209
sub-116, Insula, 1189
sub-117, Insula, 1174
sub-118, Insula, 1224
sub-119, Insula, 1224
sub-120, Insula, 1179
sub-121, Insula, 1123
sub-122, Insula, 1137
sub-123, Insula, 1147
sub-124, Insula, 1129
sub-125, Insula, 1171
sub-126, Insula, 1144
sub-127, Insula, 1270
sub-02, Isth_Cingulate, 411
sub-03, Isth_Cingulate, 375
sub-04, Isth_Cingulate, 534
sub-05, Isth_Cingulate, 344
sub-06, Isth_Cingulate, 409
sub-07, Isth_Cingulate, 428
sub-08, Isth_Cingulate, 400
sub-09, Isth_Cingulate, 401
sub-10, Isth_Cingulate, 385
sub-11, Isth_Cingulate, 386
sub-12, Isth_Cingulate, 369
sub-101, Isth_Cingulate, 372
sub-102, Isth_Cingulate, 364
sub-104, Isth_Cingulate, 465
sub-105, Isth_Cingulate, 398
sub-106, Isth_Cingulate, 396
sub-107, Isth_Cingulate, 400
sub-108, Isth_Cingulate, 385
sub-109, Isth_Cingulate, 443
sub-110, Isth_Cingulate, 414
sub-111, Isth_Cingulate, 347
sub-112, Isth_Cingulate, 406
sub-113, Isth_Cingulate, 373
sub-114, Isth_Cingulate, 419
sub-115, Isth_Cingulate, 277
sub-116, Isth_Cingulate, 438
sub-117, Isth_Cingulate, 375
sub-118, Isth_Cingulate, 383
sub-119, Isth_Cingulate, 377
sub-120, Isth_Cingulate, 457
sub-121, Isth_Cingulate, 430
sub-122, Isth_Cingulate, 444
sub-123, Isth_Cingulate, 342
sub-124, Isth_Cingulate, 400
sub-125, Isth_Cingulate, 472
sub-126, Isth_Cingulate, 383
sub-127, Isth_Cingulate, 411
sub-02, Lat_Occi, 1893
sub-03, Lat_Occi, 2237
sub-04, Lat_Occi, 2120
sub-05, Lat_Occi, 1957
sub-06, Lat_Occi, 1802
sub-07, Lat_Occi, 2085
sub-08, Lat_Occi, 2041
sub-09, Lat_Occi, 1745
sub-10, Lat_Occi, 2038
sub-11, Lat_Occi, 1953
sub-12, Lat_Occi, 2184
sub-101, Lat_Occi, 1686
sub-102, Lat_Occi, 2147
sub-104, Lat_Occi, 1882
sub-105, Lat_Occi, 2003
sub-106, Lat_Occi, 2159
sub-107, Lat_Occi, 1894
sub-108, Lat_Occi, 1836
sub-109, Lat_Occi, 1894
sub-110, Lat_Occi, 2163
sub-111, Lat_Occi, 1975
sub-112, Lat_Occi, 2013
sub-113, Lat_Occi, 1858
sub-114, Lat_Occi, 2394
sub-115, Lat_Occi, 1874
sub-116, Lat_Occi, 2070
sub-117, Lat_Occi, 2222
sub-118, Lat_Occi, 2047
sub-119, Lat_Occi, 2019
sub-120, Lat_Occi, 1848
sub-121, Lat_Occi, 1863
sub-122, Lat_Occi, 1915
sub-123, Lat_Occi, 2069
sub-124, Lat_Occi, 1939
sub-125, Lat_Occi, 1823
sub-126, Lat_Occi, 1999
sub-127, Lat_Occi, 2009
sub-02, lh-Caudate, 300
sub-03, lh-Caudate, 351
sub-04, lh-Caudate, 305
sub-05, lh-Caudate, 323
sub-06, lh-Caudate, 371
sub-07, lh-Caudate, 344
sub-08, lh-Caudate, 303
sub-09, lh-Caudate, 321
sub-10, lh-Caudate, 283
sub-11, lh-Caudate, 345
sub-12, lh-Caudate, 344
sub-101, lh-Caudate, 305
sub-102, lh-Caudate, 338
sub-104, lh-Caudate, 289
sub-105, lh-Caudate, 309
sub-106, lh-Caudate, 323
sub-107, lh-Caudate, 302
sub-108, lh-Caudate, 280
sub-109, lh-Caudate, 300
sub-110, lh-Caudate, 352
sub-111, lh-Caudate, 315
sub-112, lh-Caudate, 341
sub-113, lh-Caudate, 309
sub-114, lh-Caudate, 328
sub-115, lh-Caudate, 336
sub-116, lh-Caudate, 332
sub-117, lh-Caudate, 314
sub-118, lh-Caudate, 314
sub-119, lh-Caudate, 308
sub-120, lh-Caudate, 283
sub-121, lh-Caudate, 327
sub-122, lh-Caudate, 321
sub-123, lh-Caudate, 315
sub-124, lh-Caudate, 296
sub-125, lh-Caudate, 318
sub-126, lh-Caudate, 293
sub-127, lh-Caudate, 304
sub-02, lh-ERC, 175
sub-03, lh-ERC, 81
sub-04, lh-ERC, 113
sub-05, lh-ERC, 127
sub-06, lh-ERC, 95
sub-07, lh-ERC, 122
sub-08, lh-ERC, 94
sub-09, lh-ERC, 184
sub-10, lh-ERC, 126
sub-11, lh-ERC, 114
sub-12, lh-ERC, 89
sub-101, lh-ERC, 86
sub-102, lh-ERC, 116
sub-104, lh-ERC, 114
sub-105, lh-ERC, 97
sub-106, lh-ERC, 105
sub-107, lh-ERC, 100
sub-108, lh-ERC, 98
sub-109, lh-ERC, 102
sub-110, lh-ERC, 91
sub-111, lh-ERC, 131
sub-112, lh-ERC, 74
sub-113, lh-ERC, 105
sub-114, lh-ERC, 82
sub-115, lh-ERC, 92
sub-116, lh-ERC, 86
sub-117, lh-ERC, 91
sub-118, lh-ERC, 101
sub-119, lh-ERC, 131
sub-120, lh-ERC, 88
sub-121, lh-ERC, 128
sub-122, lh-ERC, 88
sub-123, lh-ERC, 87
sub-124, lh-ERC, 85
sub-125, lh-ERC, 100
sub-126, lh-ERC, 104
sub-127, lh-ERC, 98
sub-02, lh-Hipp-CA1, 69
sub-03, lh-Hipp-CA1, 51
sub-04, lh-Hipp-CA1, 62
sub-05, lh-Hipp-CA1, 53
sub-06, lh-Hipp-CA1, 50
sub-07, lh-Hipp-CA1, 50
sub-08, lh-Hipp-CA1, 61
sub-09, lh-Hipp-CA1, 57
sub-10, lh-Hipp-CA1, 62
sub-11, lh-Hipp-CA1, 48
sub-12, lh-Hipp-CA1, 43
sub-101, lh-Hipp-CA1, 62
sub-102, lh-Hipp-CA1, 40
sub-104, lh-Hipp-CA1, 48
sub-105, lh-Hipp-CA1, 47
sub-106, lh-Hipp-CA1, 40
sub-107, lh-Hipp-CA1, 58
sub-108, lh-Hipp-CA1, 56
sub-109, lh-Hipp-CA1, 57
sub-110, lh-Hipp-CA1, 57
sub-111, lh-Hipp-CA1, 62
sub-112, lh-Hipp-CA1, 48
sub-113, lh-Hipp-CA1, 47
sub-114, lh-Hipp-CA1, 55
sub-115, lh-Hipp-CA1, 49
sub-116, lh-Hipp-CA1, 54
sub-117, lh-Hipp-CA1, 56
sub-118, lh-Hipp-CA1, 61
sub-119, lh-Hipp-CA1, 58
sub-120, lh-Hipp-CA1, 46
sub-121, lh-Hipp-CA1, 60
sub-122, lh-Hipp-CA1, 63
sub-123, lh-Hipp-CA1, 56
sub-124, lh-Hipp-CA1, 44
sub-125, lh-Hipp-CA1, 39
sub-126, lh-Hipp-CA1, 59
sub-127, lh-Hipp-CA1, 50
sub-02, lh-Hipp-CA2+3, 28
sub-03, lh-Hipp-CA2+3, 34
sub-04, lh-Hipp-CA2+3, 23
sub-05, lh-Hipp-CA2+3, 33
sub-06, lh-Hipp-CA2+3, 20
sub-07, lh-Hipp-CA2+3, 22
sub-08, lh-Hipp-CA2+3, 31
sub-09, lh-Hipp-CA2+3, 30
sub-10, lh-Hipp-CA2+3, 34
sub-11, lh-Hipp-CA2+3, 32
sub-12, lh-Hipp-CA2+3, 26
sub-101, lh-Hipp-CA2+3, 34
sub-102, lh-Hipp-CA2+3, 33
sub-104, lh-Hipp-CA2+3, 24
sub-105, lh-Hipp-CA2+3, 32
sub-106, lh-Hipp-CA2+3, 29
sub-107, lh-Hipp-CA2+3, 19
sub-108, lh-Hipp-CA2+3, 33
sub-109, lh-Hipp-CA2+3, 28
sub-110, lh-Hipp-CA2+3, 28
sub-111, lh-Hipp-CA2+3, 31
sub-112, lh-Hipp-CA2+3, 28
sub-113, lh-Hipp-CA2+3, 26
sub-114, lh-Hipp-CA2+3, 26
sub-115, lh-Hipp-CA2+3, 29
sub-116, lh-Hipp-CA2+3, 32
sub-117, lh-Hipp-CA2+3, 37
sub-118, lh-Hipp-CA2+3, 29
sub-119, lh-Hipp-CA2+3, 29
sub-120, lh-Hipp-CA2+3, 22
sub-121, lh-Hipp-CA2+3, 40
sub-122, lh-Hipp-CA2+3, 31
sub-123, lh-Hipp-CA2+3, 26
sub-124, lh-Hipp-CA2+3, 30
sub-125, lh-Hipp-CA2+3, 33
sub-126, lh-Hipp-CA2+3, 32
sub-127, lh-Hipp-CA2+3, 32
sub-02, lh-Hipp-DG+CA4, 38
sub-03, lh-Hipp-DG+CA4, 39
sub-04, lh-Hipp-DG+CA4, 34
sub-05, lh-Hipp-DG+CA4, 32
sub-06, lh-Hipp-DG+CA4, 34
sub-07, lh-Hipp-DG+CA4, 35
sub-08, lh-Hipp-DG+CA4, 35
sub-09, lh-Hipp-DG+CA4, 42
sub-10, lh-Hipp-DG+CA4, 38
sub-11, lh-Hipp-DG+CA4, 29
sub-12, lh-Hipp-DG+CA4, 38
sub-101, lh-Hipp-DG+CA4, 35
sub-102, lh-Hipp-DG+CA4, 35
sub-104, lh-Hipp-DG+CA4, 40
sub-105, lh-Hipp-DG+CA4, 30
sub-106, lh-Hipp-DG+CA4, 37
sub-107, lh-Hipp-DG+CA4, 33
sub-108, lh-Hipp-DG+CA4, 29
sub-109, lh-Hipp-DG+CA4, 37
sub-110, lh-Hipp-DG+CA4, 37
sub-111, lh-Hipp-DG+CA4, 39
sub-112, lh-Hipp-DG+CA4, 24
sub-113, lh-Hipp-DG+CA4, 33
sub-114, lh-Hipp-DG+CA4, 42
sub-115, lh-Hipp-DG+CA4, 38
sub-116, lh-Hipp-DG+CA4, 28
sub-117, lh-Hipp-DG+CA4, 33
sub-118, lh-Hipp-DG+CA4, 35
sub-119, lh-Hipp-DG+CA4, 36
sub-120, lh-Hipp-DG+CA4, 37
sub-121, lh-Hipp-DG+CA4, 41
sub-122, lh-Hipp-DG+CA4, 39
sub-123, lh-Hipp-DG+CA4, 44
sub-124, lh-Hipp-DG+CA4, 31
sub-125, lh-Hipp-DG+CA4, 25
sub-126, lh-Hipp-DG+CA4, 31
sub-127, lh-Hipp-DG+CA4, 32
sub-02, lh-Hipp+MTL, 735
sub-03, lh-Hipp+MTL, 473
sub-04, lh-Hipp+MTL, 555
sub-05, lh-Hipp+MTL, 539
sub-06, lh-Hipp+MTL, 505
sub-07, lh-Hipp+MTL, 526
sub-08, lh-Hipp+MTL, 501
sub-09, lh-Hipp+MTL, 709
sub-10, lh-Hipp+MTL, 584
sub-11, lh-Hipp+MTL, 554
sub-12, lh-Hipp+MTL, 465
sub-101, lh-Hipp+MTL, 448
sub-102, lh-Hipp+MTL, 485
sub-104, lh-Hipp+MTL, 581
sub-105, lh-Hipp+MTL, 509
sub-106, lh-Hipp+MTL, 490
sub-107, lh-Hipp+MTL, 479
sub-108, lh-Hipp+MTL, 542
sub-109, lh-Hipp+MTL, 534
sub-110, lh-Hipp+MTL, 490
sub-111, lh-Hipp+MTL, 646
sub-112, lh-Hipp+MTL, 495
sub-113, lh-Hipp+MTL, 475
sub-114, lh-Hipp+MTL, 471
sub-115, lh-Hipp+MTL, 484
sub-116, lh-Hipp+MTL, 478
sub-117, lh-Hipp+MTL, 479
sub-118, lh-Hipp+MTL, 493
sub-119, lh-Hipp+MTL, 596
sub-120, lh-Hipp+MTL, 495
sub-121, lh-Hipp+MTL, 634
sub-122, lh-Hipp+MTL, 513
sub-123, lh-Hipp+MTL, 581
sub-124, lh-Hipp+MTL, 444
sub-125, lh-Hipp+MTL, 462
sub-126, lh-Hipp+MTL, 574
sub-127, lh-Hipp+MTL, 501
sub-02, lh-Hippocampus, 235
sub-03, lh-Hippocampus, 219
sub-04, lh-Hippocampus, 214
sub-05, lh-Hippocampus, 210
sub-06, lh-Hippocampus, 203
sub-07, lh-Hippocampus, 191
sub-08, lh-Hippocampus, 231
sub-09, lh-Hippocampus, 231
sub-10, lh-Hippocampus, 224
sub-11, lh-Hippocampus, 201
sub-12, lh-Hippocampus, 178
sub-101, lh-Hippocampus, 226
sub-102, lh-Hippocampus, 181
sub-104, lh-Hippocampus, 207
sub-105, lh-Hippocampus, 213
sub-106, lh-Hippocampus, 206
sub-107, lh-Hippocampus, 199
sub-108, lh-Hippocampus, 198
sub-109, lh-Hippocampus, 226
sub-110, lh-Hippocampus, 214
sub-111, lh-Hippocampus, 233
sub-112, lh-Hippocampus, 162
sub-113, lh-Hippocampus, 182
sub-114, lh-Hippocampus, 213
sub-115, lh-Hippocampus, 192
sub-116, lh-Hippocampus, 206
sub-117, lh-Hippocampus, 219
sub-118, lh-Hippocampus, 201
sub-119, lh-Hippocampus, 218
sub-120, lh-Hippocampus, 210
sub-121, lh-Hippocampus, 230
sub-122, lh-Hippocampus, 224
sub-123, lh-Hippocampus, 221
sub-124, lh-Hippocampus, 185
sub-125, lh-Hippocampus, 187
sub-126, lh-Hippocampus, 223
sub-127, lh-Hippocampus, 208
sub-02, lh-Hipp-Sub, 50
sub-03, lh-Hipp-Sub, 51
sub-04, lh-Hipp-Sub, 46
sub-05, lh-Hipp-Sub, 45
sub-06, lh-Hipp-Sub, 55
sub-07, lh-Hipp-Sub, 44
sub-08, lh-Hipp-Sub, 47
sub-09, lh-Hipp-Sub, 53
sub-10, lh-Hipp-Sub, 44
sub-11, lh-Hipp-Sub, 46
sub-12, lh-Hipp-Sub, 40
sub-101, lh-Hipp-Sub, 50
sub-102, lh-Hipp-Sub, 39
sub-104, lh-Hipp-Sub, 45
sub-105, lh-Hipp-Sub, 52
sub-106, lh-Hipp-Sub, 57
sub-107, lh-Hipp-Sub, 44
sub-108, lh-Hipp-Sub, 46
sub-109, lh-Hipp-Sub, 54
sub-110, lh-Hipp-Sub, 54
sub-111, lh-Hipp-Sub, 55
sub-112, lh-Hipp-Sub, 36
sub-113, lh-Hipp-Sub, 38
sub-114, lh-Hipp-Sub, 48
sub-115, lh-Hipp-Sub, 38
sub-116, lh-Hipp-Sub, 46
sub-117, lh-Hipp-Sub, 48
sub-118, lh-Hipp-Sub, 42
sub-119, lh-Hipp-Sub, 44
sub-120, lh-Hipp-Sub, 53
sub-121, lh-Hipp-Sub, 43
sub-122, lh-Hipp-Sub, 45
sub-123, lh-Hipp-Sub, 53
sub-124, lh-Hipp-Sub, 40
sub-125, lh-Hipp-Sub, 42
sub-126, lh-Hipp-Sub, 47
sub-127, lh-Hipp-Sub, 41
sub-02, lh-MTL, 500
sub-03, lh-MTL, 254
sub-04, lh-MTL, 341
sub-05, lh-MTL, 329
sub-06, lh-MTL, 302
sub-07, lh-MTL, 336
sub-08, lh-MTL, 270
sub-09, lh-MTL, 478
sub-10, lh-MTL, 360
sub-11, lh-MTL, 353
sub-12, lh-MTL, 287
sub-101, lh-MTL, 222
sub-102, lh-MTL, 308
sub-104, lh-MTL, 374
sub-105, lh-MTL, 296
sub-106, lh-MTL, 284
sub-107, lh-MTL, 280
sub-108, lh-MTL, 346
sub-109, lh-MTL, 308
sub-110, lh-MTL, 276
sub-111, lh-MTL, 413
sub-112, lh-MTL, 333
sub-113, lh-MTL, 293
sub-114, lh-MTL, 257
sub-115, lh-MTL, 292
sub-116, lh-MTL, 272
sub-117, lh-MTL, 260
sub-118, lh-MTL, 292
sub-119, lh-MTL, 379
sub-120, lh-MTL, 285
sub-121, lh-MTL, 404
sub-122, lh-MTL, 290
sub-123, lh-MTL, 360
sub-124, lh-MTL, 259
sub-125, lh-MTL, 275
sub-126, lh-MTL, 351
sub-127, lh-MTL, 293
sub-02, lh-PHC, 223
sub-03, lh-PHC, 148
sub-04, lh-PHC, 176
sub-05, lh-PHC, 148
sub-06, lh-PHC, 160
sub-07, lh-PHC, 144
sub-08, lh-PHC, 125
sub-09, lh-PHC, 177
sub-10, lh-PHC, 145
sub-11, lh-PHC, 156
sub-12, lh-PHC, 136
sub-101, lh-PHC, 122
sub-102, lh-PHC, 172
sub-104, lh-PHC, 168
sub-105, lh-PHC, 150
sub-106, lh-PHC, 148
sub-107, lh-PHC, 149
sub-108, lh-PHC, 189
sub-109, lh-PHC, 167
sub-110, lh-PHC, 131
sub-111, lh-PHC, 190
sub-112, lh-PHC, 166
sub-113, lh-PHC, 154
sub-114, lh-PHC, 148
sub-115, lh-PHC, 166
sub-116, lh-PHC, 145
sub-117, lh-PHC, 146
sub-118, lh-PHC, 140
sub-119, lh-PHC, 171
sub-120, lh-PHC, 137
sub-121, lh-PHC, 174
sub-122, lh-PHC, 154
sub-123, lh-PHC, 177
sub-124, lh-PHC, 142
sub-125, lh-PHC, 141
sub-126, lh-PHC, 162
sub-127, lh-PHC, 142
sub-02, lh-PRC, 214
sub-03, lh-PRC, 85
sub-04, lh-PRC, 137
sub-05, lh-PRC, 131
sub-06, lh-PRC, 120
sub-07, lh-PRC, 136
sub-08, lh-PRC, 106
sub-09, lh-PRC, 211
sub-10, lh-PRC, 155
sub-11, lh-PRC, 152
sub-12, lh-PRC, 124
sub-101, lh-PRC, 73
sub-102, lh-PRC, 110
sub-104, lh-PRC, 165
sub-105, lh-PRC, 114
sub-106, lh-PRC, 107
sub-107, lh-PRC, 96
sub-108, lh-PRC, 155
sub-109, lh-PRC, 116
sub-110, lh-PRC, 109
sub-111, lh-PRC, 182
sub-112, lh-PRC, 157
sub-113, lh-PRC, 104
sub-114, lh-PRC, 88
sub-115, lh-PRC, 113
sub-116, lh-PRC, 105
sub-117, lh-PRC, 99
sub-118, lh-PRC, 115
sub-119, lh-PRC, 157
sub-120, lh-PRC, 118
sub-121, lh-PRC, 183
sub-122, lh-PRC, 120
sub-123, lh-PRC, 183
sub-124, lh-PRC, 83
sub-125, lh-PRC, 97
sub-126, lh-PRC, 149
sub-127, lh-PRC, 118
sub-02, lh-Putamen, 450
sub-03, lh-Putamen, 473
sub-04, lh-Putamen, 452
sub-05, lh-Putamen, 457
sub-06, lh-Putamen, 442
sub-07, lh-Putamen, 459
sub-08, lh-Putamen, 450
sub-09, lh-Putamen, 435
sub-10, lh-Putamen, 459
sub-11, lh-Putamen, 455
sub-12, lh-Putamen, 457
sub-101, lh-Putamen, 460
sub-102, lh-Putamen, 388
sub-104, lh-Putamen, 469
sub-105, lh-Putamen, 461
sub-106, lh-Putamen, 450
sub-107, lh-Putamen, 429
sub-108, lh-Putamen, 444
sub-109, lh-Putamen, 443
sub-110, lh-Putamen, 441
sub-111, lh-Putamen, 449
sub-112, lh-Putamen, 443
sub-113, lh-Putamen, 433
sub-114, lh-Putamen, 447
sub-115, lh-Putamen, 455
sub-116, lh-Putamen, 451
sub-117, lh-Putamen, 450
sub-118, lh-Putamen, 479
sub-119, lh-Putamen, 421
sub-120, lh-Putamen, 447
sub-121, lh-Putamen, 456
sub-122, lh-Putamen, 453
sub-123, lh-Putamen, 466
sub-124, lh-Putamen, 442
sub-125, lh-Putamen, 453
sub-126, lh-Putamen, 476
sub-127, lh-Putamen, 453
sub-02, lh-Striatal, 750
sub-03, lh-Striatal, 824
sub-04, lh-Striatal, 757
sub-05, lh-Striatal, 780
sub-06, lh-Striatal, 814
sub-07, lh-Striatal, 803
sub-08, lh-Striatal, 753
sub-09, lh-Striatal, 756
sub-10, lh-Striatal, 742
sub-11, lh-Striatal, 800
sub-12, lh-Striatal, 801
sub-101, lh-Striatal, 765
sub-102, lh-Striatal, 726
sub-104, lh-Striatal, 758
sub-105, lh-Striatal, 770
sub-106, lh-Striatal, 773
sub-107, lh-Striatal, 731
sub-108, lh-Striatal, 724
sub-109, lh-Striatal, 743
sub-110, lh-Striatal, 793
sub-111, lh-Striatal, 764
sub-112, lh-Striatal, 785
sub-113, lh-Striatal, 742
sub-114, lh-Striatal, 775
sub-115, lh-Striatal, 791
sub-116, lh-Striatal, 783
sub-117, lh-Striatal, 764
sub-118, lh-Striatal, 793
sub-119, lh-Striatal, 729
sub-120, lh-Striatal, 730
sub-121, lh-Striatal, 783
sub-122, lh-Striatal, 774
sub-123, lh-Striatal, 781
sub-124, lh-Striatal, 738
sub-125, lh-Striatal, 771
sub-126, lh-Striatal, 769
sub-127, lh-Striatal, 758
sub-02, Lingual, 1198
sub-03, Lingual, 1082
sub-04, Lingual, 1402
sub-05, Lingual, 961
sub-06, Lingual, 1163
sub-07, Lingual, 1088
sub-08, Lingual, 1189
sub-09, Lingual, 1089
sub-10, Lingual, 1058
sub-11, Lingual, 1156
sub-12, Lingual, 1132
sub-101, Lingual, 1005
sub-102, Lingual, 1063
sub-104, Lingual, 1183
sub-105, Lingual, 1122
sub-106, Lingual, 1043
sub-107, Lingual, 1241
sub-108, Lingual, 1164
sub-109, Lingual, 1317
sub-110, Lingual, 1182
sub-111, Lingual, 1131
sub-112, Lingual, 1263
sub-113, Lingual, 980
sub-114, Lingual, 1213
sub-115, Lingual, 1131
sub-116, Lingual, 1069
sub-117, Lingual, 1095
sub-118, Lingual, 1218
sub-119, Lingual, 984
sub-120, Lingual, 1152
sub-121, Lingual, 1145
sub-122, Lingual, 992
sub-123, Lingual, 876
sub-124, Lingual, 1145
sub-125, Lingual, 961
sub-126, Lingual, 1155
sub-127, Lingual, 1067
sub-02, LO1, 251
sub-03, LO1, 219
sub-04, LO1, 219
sub-05, LO1, 229
sub-06, LO1, 235
sub-07, LO1, 251
sub-08, LO1, 272
sub-09, LO1, 236
sub-10, LO1, 245
sub-11, LO1, 255
sub-12, LO1, 257
sub-101, LO1, 210
sub-102, LO1, 244
sub-104, LO1, 268
sub-105, LO1, 226
sub-106, LO1, 294
sub-107, LO1, 244
sub-108, LO1, 223
sub-109, LO1, 238
sub-110, LO1, 301
sub-111, LO1, 242
sub-112, LO1, 251
sub-113, LO1, 209
sub-114, LO1, 307
sub-115, LO1, 184
sub-116, LO1, 221
sub-117, LO1, 252
sub-118, LO1, 244
sub-119, LO1, 257
sub-120, LO1, 267
sub-121, LO1, 218
sub-122, LO1, 270
sub-123, LO1, 265
sub-124, LO1, 226
sub-125, LO1, 175
sub-126, LO1, 242
sub-127, LO1, 227
sub-02, LO2, 300
sub-03, LO2, 303
sub-04, LO2, 309
sub-05, LO2, 306
sub-06, LO2, 294
sub-07, LO2, 325
sub-08, LO2, 343
sub-09, LO2, 240
sub-10, LO2, 292
sub-11, LO2, 295
sub-12, LO2, 367
sub-101, LO2, 243
sub-102, LO2, 332
sub-104, LO2, 281
sub-105, LO2, 293
sub-106, LO2, 391
sub-107, LO2, 297
sub-108, LO2, 303
sub-109, LO2, 288
sub-110, LO2, 319
sub-111, LO2, 331
sub-112, LO2, 325
sub-113, LO2, 302
sub-114, LO2, 303
sub-115, LO2, 291
sub-116, LO2, 290
sub-117, LO2, 266
sub-118, LO2, 366
sub-119, LO2, 295
sub-120, LO2, 279
sub-121, LO2, 307
sub-122, LO2, 356
sub-123, LO2, 286
sub-124, LO2, 319
sub-125, LO2, 263
sub-126, LO2, 311
sub-127, LO2, 275
sub-02, LOC-V12, 1545
sub-03, LOC-V12, 1768
sub-04, LOC-V12, 1622
sub-05, LOC-V12, 1576
sub-06, LOC-V12, 1453
sub-07, LOC-V12, 1630
sub-08, LOC-V12, 1651
sub-09, LOC-V12, 1384
sub-10, LOC-V12, 1606
sub-11, LOC-V12, 1540
sub-12, LOC-V12, 1794
sub-101, LOC-V12, 1333
sub-102, LOC-V12, 1743
sub-104, LOC-V12, 1481
sub-105, LOC-V12, 1621
sub-106, LOC-V12, 1760
sub-107, LOC-V12, 1550
sub-108, LOC-V12, 1517
sub-109, LOC-V12, 1484
sub-110, LOC-V12, 1768
sub-111, LOC-V12, 1611
sub-112, LOC-V12, 1624
sub-113, LOC-V12, 1470
sub-114, LOC-V12, 1934
sub-115, LOC-V12, 1454
sub-116, LOC-V12, 1501
sub-117, LOC-V12, 1750
sub-118, LOC-V12, 1606
sub-119, LOC-V12, 1569
sub-120, LOC-V12, 1430
sub-121, LOC-V12, 1493
sub-122, LOC-V12, 1538
sub-123, LOC-V12, 1681
sub-124, LOC-V12, 1519
sub-125, LOC-V12, 1441
sub-126, LOC-V12, 1568
sub-127, LOC-V12, 1463
sub-02, Mid_Temp, 1803
sub-03, Mid_Temp, 1911
sub-04, Mid_Temp, 2433
sub-05, Mid_Temp, 1894
sub-06, Mid_Temp, 2080
sub-07, Mid_Temp, 1874
sub-08, Mid_Temp, 2078
sub-09, Mid_Temp, 1866
sub-10, Mid_Temp, 1958
sub-11, Mid_Temp, 2188
sub-12, Mid_Temp, 2023
sub-101, Mid_Temp, 1804
sub-102, Mid_Temp, 2035
sub-104, Mid_Temp, 2232
sub-105, Mid_Temp, 1968
sub-106, Mid_Temp, 1912
sub-107, Mid_Temp, 1972
sub-108, Mid_Temp, 2101
sub-109, Mid_Temp, 2253
sub-110, Mid_Temp, 2002
sub-111, Mid_Temp, 2150
sub-112, Mid_Temp, 2015
sub-113, Mid_Temp, 2116
sub-114, Mid_Temp, 1943
sub-115, Mid_Temp, 1924
sub-116, Mid_Temp, 2045
sub-117, Mid_Temp, 1784
sub-118, Mid_Temp, 1949
sub-119, Mid_Temp, 2027
sub-120, Mid_Temp, 1975
sub-121, Mid_Temp, 1879
sub-122, Mid_Temp, 2015
sub-123, Mid_Temp, 2053
sub-124, Mid_Temp, 1993
sub-125, Mid_Temp, 2034
sub-126, Mid_Temp, 1965
sub-127, Mid_Temp, 2189
sub-02, MTL, 827
sub-03, MTL, 458
sub-04, MTL, 660
sub-05, MTL, 635
sub-06, MTL, 639
sub-07, MTL, 605
sub-08, MTL, 538
sub-09, MTL, 785
sub-10, MTL, 669
sub-11, MTL, 677
sub-12, MTL, 606
sub-101, MTL, 456
sub-102, MTL, 616
sub-104, MTL, 672
sub-105, MTL, 591
sub-106, MTL, 569
sub-107, MTL, 539
sub-108, MTL, 611
sub-109, MTL, 652
sub-110, MTL, 550
sub-111, MTL, 770
sub-112, MTL, 611
sub-113, MTL, 562
sub-114, MTL, 501
sub-115, MTL, 580
sub-116, MTL, 568
sub-117, MTL, 535
sub-118, MTL, 597
sub-119, MTL, 675
sub-120, MTL, 574
sub-121, MTL, 710
sub-122, MTL, 568
sub-123, MTL, 661
sub-124, MTL, 562
sub-125, MTL, 594
sub-126, MTL, 654
sub-127, MTL, 570
sub-02, MT, 692
sub-03, MT, 740
sub-04, MT, 729
sub-05, MT, 659
sub-06, MT, 639
sub-07, MT, 658
sub-08, MT, 745
sub-09, MT, 578
sub-10, MT, 739
sub-11, MT, 684
sub-12, MT, 738
sub-101, MT, 519
sub-102, MT, 810
sub-104, MT, 705
sub-105, MT, 740
sub-106, MT, 808
sub-107, MT, 736
sub-108, MT, 661
sub-109, MT, 569
sub-110, MT, 745
sub-111, MT, 688
sub-112, MT, 662
sub-113, MT, 719
sub-114, MT, 806
sub-115, MT, 649
sub-116, MT, 606
sub-117, MT, 732
sub-118, MT, 718
sub-119, MT, 763
sub-120, MT, 647
sub-121, MT, 780
sub-122, MT, 775
sub-123, MT, 745
sub-124, MT, 715
sub-125, MT, 591
sub-126, MT, 732
sub-127, MT, 663
sub-02, Para_Central, 695
sub-03, Para_Central, 454
sub-04, Para_Central, 750
sub-05, Para_Central, 543
sub-06, Para_Central, 701
sub-07, Para_Central, 794
sub-08, Para_Central, 671
sub-09, Para_Central, 674
sub-10, Para_Central, 729
sub-11, Para_Central, 816
sub-12, Para_Central, 726
sub-101, Para_Central, 606
sub-102, Para_Central, 874
sub-104, Para_Central, 671
sub-105, Para_Central, 686
sub-106, Para_Central, 764
sub-107, Para_Central, 540
sub-108, Para_Central, 712
sub-109, Para_Central, 782
sub-110, Para_Central, 611
sub-111, Para_Central, 745
sub-112, Para_Central, 643
sub-113, Para_Central, 644
sub-114, Para_Central, 676
sub-115, Para_Central, 748
sub-116, Para_Central, 625
sub-117, Para_Central, 720
sub-118, Para_Central, 722
sub-119, Para_Central, 716
sub-120, Para_Central, 804
sub-121, Para_Central, 802
sub-122, Para_Central, 845
sub-123, Para_Central, 674
sub-124, Para_Central, 820
sub-125, Para_Central, 696
sub-126, Para_Central, 745
sub-127, Para_Central, 783
sub-02, Peri_Calcarine, 519
sub-03, Peri_Calcarine, 423
sub-04, Peri_Calcarine, 465
sub-05, Peri_Calcarine, 422
sub-06, Peri_Calcarine, 428
sub-07, Peri_Calcarine, 452
sub-08, Peri_Calcarine, 477
sub-09, Peri_Calcarine, 372
sub-10, Peri_Calcarine, 426
sub-11, Peri_Calcarine, 553
sub-12, Peri_Calcarine, 457
sub-101, Peri_Calcarine, 377
sub-102, Peri_Calcarine, 497
sub-104, Peri_Calcarine, 527
sub-105, Peri_Calcarine, 490
sub-106, Peri_Calcarine, 395
sub-107, Peri_Calcarine, 425
sub-108, Peri_Calcarine, 436
sub-109, Peri_Calcarine, 474
sub-110, Peri_Calcarine, 462
sub-111, Peri_Calcarine, 410
sub-112, Peri_Calcarine, 437
sub-113, Peri_Calcarine, 521
sub-114, Peri_Calcarine, 479
sub-115, Peri_Calcarine, 494
sub-116, Peri_Calcarine, 451
sub-117, Peri_Calcarine, 379
sub-118, Peri_Calcarine, 469
sub-119, Peri_Calcarine, 392
sub-120, Peri_Calcarine, 403
sub-121, Peri_Calcarine, 468
sub-122, Peri_Calcarine, 360
sub-123, Peri_Calcarine, 406
sub-124, Peri_Calcarine, 467
sub-125, Peri_Calcarine, 391
sub-126, Peri_Calcarine, 483
sub-127, Peri_Calcarine, 474
sub-02, PHC, 368
sub-03, PHC, 266
sub-04, PHC, 335
sub-05, PHC, 299
sub-06, PHC, 307
sub-07, PHC, 261
sub-08, PHC, 261
sub-09, PHC, 321
sub-10, PHC, 288
sub-11, PHC, 292
sub-12, PHC, 287
sub-101, PHC, 252
sub-102, PHC, 320
sub-104, PHC, 316
sub-105, PHC, 295
sub-106, PHC, 288
sub-107, PHC, 293
sub-108, PHC, 344
sub-109, PHC, 319
sub-110, PHC, 266
sub-111, PHC, 337
sub-112, PHC, 304
sub-113, PHC, 276
sub-114, PHC, 294
sub-115, PHC, 319
sub-116, PHC, 286
sub-117, PHC, 292
sub-118, PHC, 280
sub-119, PHC, 317
sub-120, PHC, 267
sub-121, PHC, 326
sub-122, PHC, 305
sub-123, PHC, 320
sub-124, PHC, 284
sub-125, PHC, 290
sub-126, PHC, 319
sub-127, PHC, 301
sub-02, Post_Central, 1655
sub-03, Post_Central, 1415
sub-04, Post_Central, 1865
sub-05, Post_Central, 1467
sub-06, Post_Central, 1579
sub-07, Post_Central, 1839
sub-08, Post_Central, 1860
sub-09, Post_Central, 2073
sub-10, Post_Central, 1881
sub-11, Post_Central, 1868
sub-12, Post_Central, 1820
sub-101, Post_Central, 1436
sub-102, Post_Central, 1469
sub-104, Post_Central, 1731
sub-105, Post_Central, 1892
sub-106, Post_Central, 1659
sub-107, Post_Central, 1445
sub-108, Post_Central, 1753
sub-109, Post_Central, 1891
sub-110, Post_Central, 1942
sub-111, Post_Central, 1676
sub-112, Post_Central, 1776
sub-113, Post_Central, 1691
sub-114, Post_Central, 1568
sub-115, Post_Central, 1387
sub-116, Post_Central, 1833
sub-117, Post_Central, 1674
sub-118, Post_Central, 1865
sub-119, Post_Central, 1679
sub-120, Post_Central, 1755
sub-121, Post_Central, 1689
sub-122, Post_Central, 1683
sub-123, Post_Central, 1732
sub-124, Post_Central, 1733
sub-125, Post_Central, 1853
sub-126, Post_Central, 1734
sub-127, Post_Central, 1809
sub-02, Post_Cingulate, 494
sub-03, Post_Cingulate, 539
sub-04, Post_Cingulate, 565
sub-05, Post_Cingulate, 427
sub-06, Post_Cingulate, 529
sub-07, Post_Cingulate, 586
sub-08, Post_Cingulate, 582
sub-09, Post_Cingulate, 553
sub-10, Post_Cingulate, 560
sub-11, Post_Cingulate, 605
sub-12, Post_Cingulate, 634
sub-101, Post_Cingulate, 470
sub-102, Post_Cingulate, 583
sub-104, Post_Cingulate, 538
sub-105, Post_Cingulate, 600
sub-106, Post_Cingulate, 501
sub-107, Post_Cingulate, 517
sub-108, Post_Cingulate, 576
sub-109, Post_Cingulate, 533
sub-110, Post_Cingulate, 556
sub-111, Post_Cingulate, 519
sub-112, Post_Cingulate, 488
sub-113, Post_Cingulate, 475
sub-114, Post_Cingulate, 509
sub-115, Post_Cingulate, 415
sub-116, Post_Cingulate, 533
sub-117, Post_Cingulate, 505
sub-118, Post_Cingulate, 510
sub-119, Post_Cingulate, 540
sub-120, Post_Cingulate, 492
sub-121, Post_Cingulate, 549
sub-122, Post_Cingulate, 637
sub-123, Post_Cingulate, 531
sub-124, Post_Cingulate, 552
sub-125, Post_Cingulate, 629
sub-126, Post_Cingulate, 485
sub-127, Post_Cingulate, 506
sub-02, PRC, 297
sub-03, PRC, 138
sub-04, PRC, 219
sub-05, PRC, 212
sub-06, PRC, 218
sub-07, PRC, 198
sub-08, PRC, 164
sub-09, PRC, 281
sub-10, PRC, 233
sub-11, PRC, 238
sub-12, PRC, 211
sub-101, PRC, 118
sub-102, PRC, 186
sub-104, PRC, 235
sub-105, PRC, 188
sub-106, PRC, 184
sub-107, PRC, 153
sub-108, PRC, 213
sub-109, PRC, 207
sub-110, PRC, 176
sub-111, PRC, 290
sub-112, PRC, 218
sub-113, PRC, 167
sub-114, PRC, 142
sub-115, PRC, 182
sub-116, PRC, 183
sub-117, PRC, 169
sub-118, PRC, 191
sub-119, PRC, 219
sub-120, PRC, 193
sub-121, PRC, 254
sub-122, PRC, 172
sub-123, PRC, 270
sub-124, PRC, 171
sub-125, PRC, 185
sub-126, PRC, 221
sub-127, PRC, 174
sub-02, Pre_Central, 2591
sub-03, Pre_Central, 1863
sub-04, Pre_Central, 2459
sub-05, Pre_Central, 2012
sub-06, Pre_Central, 1850
sub-07, Pre_Central, 2448
sub-08, Pre_Central, 2285
sub-09, Pre_Central, 2149
sub-10, Pre_Central, 2396
sub-11, Pre_Central, 2737
sub-12, Pre_Central, 2500
sub-101, Pre_Central, 1953
sub-102, Pre_Central, 2033
sub-104, Pre_Central, 2228
sub-105, Pre_Central, 2460
sub-106, Pre_Central, 2484
sub-107, Pre_Central, 2076
sub-108, Pre_Central, 2566
sub-109, Pre_Central, 2480
sub-110, Pre_Central, 2497
sub-111, Pre_Central, 2183
sub-112, Pre_Central, 2363
sub-113, Pre_Central, 2355
sub-114, Pre_Central, 2156
sub-115, Pre_Central, 2069
sub-116, Pre_Central, 2466
sub-117, Pre_Central, 2328
sub-118, Pre_Central, 2432
sub-119, Pre_Central, 2363
sub-120, Pre_Central, 2396
sub-121, Pre_Central, 2418
sub-122, Pre_Central, 2449
sub-123, Pre_Central, 2414
sub-124, Pre_Central, 2322
sub-125, Pre_Central, 2493
sub-126, Pre_Central, 2510
sub-127, Pre_Central, 2473
sub-02, Pre_Cuneus, 1796
sub-03, Pre_Cuneus, 1673
sub-04, Pre_Cuneus, 1844
sub-05, Pre_Cuneus, 1747
sub-06, Pre_Cuneus, 1695
sub-07, Pre_Cuneus, 1684
sub-08, Pre_Cuneus, 1753
sub-09, Pre_Cuneus, 1734
sub-10, Pre_Cuneus, 1846
sub-11, Pre_Cuneus, 1891
sub-12, Pre_Cuneus, 1802
sub-101, Pre_Cuneus, 1659
sub-102, Pre_Cuneus, 1127
sub-104, Pre_Cuneus, 1729
sub-105, Pre_Cuneus, 1733
sub-106, Pre_Cuneus, 1791
sub-107, Pre_Cuneus, 1857
sub-108, Pre_Cuneus, 1911
sub-109, Pre_Cuneus, 1846
sub-110, Pre_Cuneus, 1835
sub-111, Pre_Cuneus, 1672
sub-112, Pre_Cuneus, 1796
sub-113, Pre_Cuneus, 1757
sub-114, Pre_Cuneus, 1708
sub-115, Pre_Cuneus, 1461
sub-116, Pre_Cuneus, 1736
sub-117, Pre_Cuneus, 1774
sub-118, Pre_Cuneus, 1763
sub-119, Pre_Cuneus, 1879
sub-120, Pre_Cuneus, 1952
sub-121, Pre_Cuneus, 1691
sub-122, Pre_Cuneus, 1819
sub-123, Pre_Cuneus, 1837
sub-124, Pre_Cuneus, 1675
sub-125, Pre_Cuneus, 1693
sub-126, Pre_Cuneus, 2022
sub-127, Pre_Cuneus, 1740
sub-02, Putamen, 889
sub-03, Putamen, 915
sub-04, Putamen, 899
sub-05, Putamen, 884
sub-06, Putamen, 881
sub-07, Putamen, 902
sub-08, Putamen, 872
sub-09, Putamen, 862
sub-10, Putamen, 906
sub-11, Putamen, 909
sub-12, Putamen, 896
sub-101, Putamen, 903
sub-102, Putamen, 848
sub-104, Putamen, 894
sub-105, Putamen, 888
sub-106, Putamen, 882
sub-107, Putamen, 870
sub-108, Putamen, 900
sub-109, Putamen, 869
sub-110, Putamen, 884
sub-111, Putamen, 891
sub-112, Putamen, 898
sub-113, Putamen, 877
sub-114, Putamen, 877
sub-115, Putamen, 890
sub-116, Putamen, 863
sub-117, Putamen, 904
sub-118, Putamen, 931
sub-119, Putamen, 851
sub-120, Putamen, 899
sub-121, Putamen, 893
sub-122, Putamen, 807
sub-123, Putamen, 916
sub-124, Putamen, 877
sub-125, Putamen, 891
sub-126, Putamen, 930
sub-127, Putamen, 905
sub-02, rh-Caudate, 323
sub-03, rh-Caudate, 352
sub-04, rh-Caudate, 337
sub-05, rh-Caudate, 338
sub-06, rh-Caudate, 373
sub-07, rh-Caudate, 361
sub-08, rh-Caudate, 330
sub-09, rh-Caudate, 324
sub-10, rh-Caudate, 301
sub-11, rh-Caudate, 345
sub-12, rh-Caudate, 330
sub-101, rh-Caudate, 297
sub-102, rh-Caudate, 349
sub-104, rh-Caudate, 326
sub-105, rh-Caudate, 312
sub-106, rh-Caudate, 311
sub-107, rh-Caudate, 296
sub-108, rh-Caudate, 328
sub-109, rh-Caudate, 320
sub-110, rh-Caudate, 354
sub-111, rh-Caudate, 339
sub-112, rh-Caudate, 347
sub-113, rh-Caudate, 321
sub-114, rh-Caudate, 373
sub-115, rh-Caudate, 336
sub-116, rh-Caudate, 321
sub-117, rh-Caudate, 312
sub-118, rh-Caudate, 346
sub-119, rh-Caudate, 309
sub-120, rh-Caudate, 312
sub-121, rh-Caudate, 331
sub-122, rh-Caudate, 314
sub-123, rh-Caudate, 338
sub-124, rh-Caudate, 298
sub-125, rh-Caudate, 316
sub-126, rh-Caudate, 304
sub-127, rh-Caudate, 329
sub-02, rh-ERC, 138
sub-03, rh-ERC, 69
sub-04, rh-ERC, 132
sub-05, rh-ERC, 131
sub-06, rh-ERC, 144
sub-07, rh-ERC, 138
sub-08, rh-ERC, 111
sub-09, rh-ERC, 144
sub-10, rh-ERC, 132
sub-11, rh-ERC, 148
sub-12, rh-ERC, 131
sub-101, rh-ERC, 99
sub-102, rh-ERC, 138
sub-104, rh-ERC, 118
sub-105, rh-ERC, 121
sub-106, rh-ERC, 122
sub-107, rh-ERC, 107
sub-108, rh-ERC, 101
sub-109, rh-ERC, 147
sub-110, rh-ERC, 116
sub-111, rh-ERC, 148
sub-112, rh-ERC, 115
sub-113, rh-ERC, 127
sub-114, rh-ERC, 89
sub-115, rh-ERC, 112
sub-116, rh-ERC, 130
sub-117, rh-ERC, 104
sub-118, rh-ERC, 134
sub-119, rh-ERC, 137
sub-120, rh-ERC, 128
sub-121, rh-ERC, 133
sub-122, rh-ERC, 122
sub-123, rh-ERC, 118
sub-124, rh-ERC, 119
sub-125, rh-ERC, 132
sub-126, rh-ERC, 122
sub-127, rh-ERC, 108
sub-02, rh-Hipp-CA1, 56
sub-03, rh-Hipp-CA1, 63
sub-04, rh-Hipp-CA1, 57
sub-05, rh-Hipp-CA1, 54
sub-06, rh-Hipp-CA1, 54
sub-07, rh-Hipp-CA1, 56
sub-08, rh-Hipp-CA1, 68
sub-09, rh-Hipp-CA1, 62
sub-10, rh-Hipp-CA1, 66
sub-11, rh-Hipp-CA1, 54
sub-12, rh-Hipp-CA1, 57
sub-101, rh-Hipp-CA1, 50
sub-102, rh-Hipp-CA1, 46
sub-104, rh-Hipp-CA1, 61
sub-105, rh-Hipp-CA1, 58
sub-106, rh-Hipp-CA1, 43
sub-107, rh-Hipp-CA1, 52
sub-108, rh-Hipp-CA1, 61
sub-109, rh-Hipp-CA1, 69
sub-110, rh-Hipp-CA1, 48
sub-111, rh-Hipp-CA1, 58
sub-112, rh-Hipp-CA1, 53
sub-113, rh-Hipp-CA1, 49
sub-114, rh-Hipp-CA1, 61
sub-115, rh-Hipp-CA1, 49
sub-116, rh-Hipp-CA1, 60
sub-117, rh-Hipp-CA1, 55
sub-118, rh-Hipp-CA1, 54
sub-119, rh-Hipp-CA1, 55
sub-120, rh-Hipp-CA1, 54
sub-121, rh-Hipp-CA1, 54
sub-122, rh-Hipp-CA1, 55
sub-123, rh-Hipp-CA1, 50
sub-124, rh-Hipp-CA1, 52
sub-125, rh-Hipp-CA1, 65
sub-126, rh-Hipp-CA1, 68
sub-127, rh-Hipp-CA1, 64
sub-02, rh-Hipp-CA2+3, 35
sub-03, rh-Hipp-CA2+3, 34
sub-04, rh-Hipp-CA2+3, 36
sub-05, rh-Hipp-CA2+3, 39
sub-06, rh-Hipp-CA2+3, 29
sub-07, rh-Hipp-CA2+3, 33
sub-08, rh-Hipp-CA2+3, 25
sub-09, rh-Hipp-CA2+3, 33
sub-10, rh-Hipp-CA2+3, 40
sub-11, rh-Hipp-CA2+3, 34
sub-12, rh-Hipp-CA2+3, 42
sub-101, rh-Hipp-CA2+3, 43
sub-102, rh-Hipp-CA2+3, 37
sub-104, rh-Hipp-CA2+3, 30
sub-105, rh-Hipp-CA2+3, 28
sub-106, rh-Hipp-CA2+3, 34
sub-107, rh-Hipp-CA2+3, 27
sub-108, rh-Hipp-CA2+3, 34
sub-109, rh-Hipp-CA2+3, 36
sub-110, rh-Hipp-CA2+3, 39
sub-111, rh-Hipp-CA2+3, 34
sub-112, rh-Hipp-CA2+3, 21
sub-113, rh-Hipp-CA2+3, 31
sub-114, rh-Hipp-CA2+3, 31
sub-115, rh-Hipp-CA2+3, 24
sub-116, rh-Hipp-CA2+3, 37
sub-117, rh-Hipp-CA2+3, 36
sub-118, rh-Hipp-CA2+3, 34
sub-119, rh-Hipp-CA2+3, 42
sub-120, rh-Hipp-CA2+3, 34
sub-121, rh-Hipp-CA2+3, 32
sub-122, rh-Hipp-CA2+3, 30
sub-123, rh-Hipp-CA2+3, 35
sub-124, rh-Hipp-CA2+3, 27
sub-125, rh-Hipp-CA2+3, 26
sub-126, rh-Hipp-CA2+3, 37
sub-127, rh-Hipp-CA2+3, 29
sub-02, rh-Hipp-DG+CA4, 32
sub-03, rh-Hipp-DG+CA4, 37
sub-04, rh-Hipp-DG+CA4, 36
sub-05, rh-Hipp-DG+CA4, 32
sub-06, rh-Hipp-DG+CA4, 36
sub-07, rh-Hipp-DG+CA4, 26
sub-08, rh-Hipp-DG+CA4, 29
sub-09, rh-Hipp-DG+CA4, 31
sub-10, rh-Hipp-DG+CA4, 39
sub-11, rh-Hipp-DG+CA4, 32
sub-12, rh-Hipp-DG+CA4, 28
sub-101, rh-Hipp-DG+CA4, 24
sub-102, rh-Hipp-DG+CA4, 27
sub-104, rh-Hipp-DG+CA4, 32
sub-105, rh-Hipp-DG+CA4, 34
sub-106, rh-Hipp-DG+CA4, 31
sub-107, rh-Hipp-DG+CA4, 42
sub-108, rh-Hipp-DG+CA4, 27
sub-109, rh-Hipp-DG+CA4, 29
sub-110, rh-Hipp-DG+CA4, 37
sub-111, rh-Hipp-DG+CA4, 34
sub-112, rh-Hipp-DG+CA4, 36
sub-113, rh-Hipp-DG+CA4, 16
sub-114, rh-Hipp-DG+CA4, 26
sub-115, rh-Hipp-DG+CA4, 34
sub-116, rh-Hipp-DG+CA4, 23
sub-117, rh-Hipp-DG+CA4, 30
sub-118, rh-Hipp-DG+CA4, 31
sub-119, rh-Hipp-DG+CA4, 30
sub-120, rh-Hipp-DG+CA4, 30
sub-121, rh-Hipp-DG+CA4, 41
sub-122, rh-Hipp-DG+CA4, 32
sub-123, rh-Hipp-DG+CA4, 38
sub-124, rh-Hipp-DG+CA4, 25
sub-125, rh-Hipp-DG+CA4, 35
sub-126, rh-Hipp-DG+CA4, 35
sub-127, rh-Hipp-DG+CA4, 31
sub-02, rh-Hipp+MTL, 555
sub-03, rh-Hipp+MTL, 441
sub-04, rh-Hipp+MTL, 551
sub-05, rh-Hipp+MTL, 521
sub-06, rh-Hipp+MTL, 534
sub-07, rh-Hipp+MTL, 475
sub-08, rh-Hipp+MTL, 482
sub-09, rh-Hipp+MTL, 535
sub-10, rh-Hipp+MTL, 550
sub-11, rh-Hipp+MTL, 548
sub-12, rh-Hipp+MTL, 528
sub-101, rh-Hipp+MTL, 445
sub-102, rh-Hipp+MTL, 520
sub-104, rh-Hipp+MTL, 515
sub-105, rh-Hipp+MTL, 489
sub-106, rh-Hipp+MTL, 475
sub-107, rh-Hipp+MTL, 480
sub-108, rh-Hipp+MTL, 480
sub-109, rh-Hipp+MTL, 587
sub-110, rh-Hipp+MTL, 479
sub-111, rh-Hipp+MTL, 582
sub-112, rh-Hipp+MTL, 464
sub-113, rh-Hipp+MTL, 430
sub-114, rh-Hipp+MTL, 459
sub-115, rh-Hipp+MTL, 475
sub-116, rh-Hipp+MTL, 513
sub-117, rh-Hipp+MTL, 493
sub-118, rh-Hipp+MTL, 518
sub-119, rh-Hipp+MTL, 512
sub-120, rh-Hipp+MTL, 500
sub-121, rh-Hipp+MTL, 519
sub-122, rh-Hipp+MTL, 509
sub-123, rh-Hipp+MTL, 512
sub-124, rh-Hipp+MTL, 505
sub-125, rh-Hipp+MTL, 541
sub-126, rh-Hipp+MTL, 549
sub-127, rh-Hipp+MTL, 495
sub-02, rh-Hippocampus, 228
sub-03, rh-Hippocampus, 237
sub-04, rh-Hippocampus, 232
sub-05, rh-Hippocampus, 215
sub-06, rh-Hippocampus, 199
sub-07, rh-Hippocampus, 207
sub-08, rh-Hippocampus, 214
sub-09, rh-Hippocampus, 228
sub-10, rh-Hippocampus, 242
sub-11, rh-Hippocampus, 224
sub-12, rh-Hippocampus, 210
sub-101, rh-Hippocampus, 211
sub-102, rh-Hippocampus, 212
sub-104, rh-Hippocampus, 217
sub-105, rh-Hippocampus, 196
sub-106, rh-Hippocampus, 191
sub-107, rh-Hippocampus, 221
sub-108, rh-Hippocampus, 214
sub-109, rh-Hippocampus, 243
sub-110, rh-Hippocampus, 205
sub-111, rh-Hippocampus, 225
sub-112, rh-Hippocampus, 187
sub-113, rh-Hippocampus, 161
sub-114, rh-Hippocampus, 214
sub-115, rh-Hippocampus, 187
sub-116, rh-Hippocampus, 218
sub-117, rh-Hippocampus, 218
sub-118, rh-Hippocampus, 215
sub-119, rh-Hippocampus, 216
sub-120, rh-Hippocampus, 211
sub-121, rh-Hippocampus, 213
sub-122, rh-Hippocampus, 231
sub-123, rh-Hippocampus, 211
sub-124, rh-Hippocampus, 203
sub-125, rh-Hippocampus, 222
sub-126, rh-Hippocampus, 246
sub-127, rh-Hippocampus, 218
sub-02, rh-Hipp-Sub, 49
sub-03, rh-Hipp-Sub, 53
sub-04, rh-Hipp-Sub, 56
sub-05, rh-Hipp-Sub, 52
sub-06, rh-Hipp-Sub, 42
sub-07, rh-Hipp-Sub, 46
sub-08, rh-Hipp-Sub, 44
sub-09, rh-Hipp-Sub, 52
sub-10, rh-Hipp-Sub, 52
sub-11, rh-Hipp-Sub, 55
sub-12, rh-Hipp-Sub, 40
sub-101, rh-Hipp-Sub, 45
sub-102, rh-Hipp-Sub, 55
sub-104, rh-Hipp-Sub, 55
sub-105, rh-Hipp-Sub, 36
sub-106, rh-Hipp-Sub, 51
sub-107, rh-Hipp-Sub, 53
sub-108, rh-Hipp-Sub, 49
sub-109, rh-Hipp-Sub, 54
sub-110, rh-Hipp-Sub, 42
sub-111, rh-Hipp-Sub, 54
sub-112, rh-Hipp-Sub, 36
sub-113, rh-Hipp-Sub, 27
sub-114, rh-Hipp-Sub, 50
sub-115, rh-Hipp-Sub, 37
sub-116, rh-Hipp-Sub, 55
sub-117, rh-Hipp-Sub, 51
sub-118, rh-Hipp-Sub, 48
sub-119, rh-Hipp-Sub, 41
sub-120, rh-Hipp-Sub, 44
sub-121, rh-Hipp-Sub, 51
sub-122, rh-Hipp-Sub, 57
sub-123, rh-Hipp-Sub, 46
sub-124, rh-Hipp-Sub, 55
sub-125, rh-Hipp-Sub, 51
sub-126, rh-Hipp-Sub, 53
sub-127, rh-Hipp-Sub, 50
sub-02, rh-MTL, 327
sub-03, rh-MTL, 204
sub-04, rh-MTL, 319
sub-05, rh-MTL, 306
sub-06, rh-MTL, 337
sub-07, rh-MTL, 269
sub-08, rh-MTL, 268
sub-09, rh-MTL, 307
sub-10, rh-MTL, 309
sub-11, rh-MTL, 324
sub-12, rh-MTL, 319
sub-101, rh-MTL, 234
sub-102, rh-MTL, 308
sub-104, rh-MTL, 298
sub-105, rh-MTL, 295
sub-106, rh-MTL, 285
sub-107, rh-MTL, 259
sub-108, rh-MTL, 265
sub-109, rh-MTL, 344
sub-110, rh-MTL, 274
sub-111, rh-MTL, 357
sub-112, rh-MTL, 278
sub-113, rh-MTL, 269
sub-114, rh-MTL, 244
sub-115, rh-MTL, 288
sub-116, rh-MTL, 296
sub-117, rh-MTL, 275
sub-118, rh-MTL, 305
sub-119, rh-MTL, 296
sub-120, rh-MTL, 289
sub-121, rh-MTL, 306
sub-122, rh-MTL, 278
sub-123, rh-MTL, 301
sub-124, rh-MTL, 303
sub-125, rh-MTL, 319
sub-126, rh-MTL, 303
sub-127, rh-MTL, 277
sub-02, rh-PHC, 145
sub-03, rh-PHC, 118
sub-04, rh-PHC, 159
sub-05, rh-PHC, 151
sub-06, rh-PHC, 147
sub-07, rh-PHC, 117
sub-08, rh-PHC, 136
sub-09, rh-PHC, 144
sub-10, rh-PHC, 143
sub-11, rh-PHC, 136
sub-12, rh-PHC, 151
sub-101, rh-PHC, 130
sub-102, rh-PHC, 148
sub-104, rh-PHC, 148
sub-105, rh-PHC, 145
sub-106, rh-PHC, 140
sub-107, rh-PHC, 144
sub-108, rh-PHC, 155
sub-109, rh-PHC, 152
sub-110, rh-PHC, 135
sub-111, rh-PHC, 147
sub-112, rh-PHC, 138
sub-113, rh-PHC, 122
sub-114, rh-PHC, 146
sub-115, rh-PHC, 153
sub-116, rh-PHC, 141
sub-117, rh-PHC, 146
sub-118, rh-PHC, 140
sub-119, rh-PHC, 146
sub-120, rh-PHC, 130
sub-121, rh-PHC, 152
sub-122, rh-PHC, 151
sub-123, rh-PHC, 143
sub-124, rh-PHC, 142
sub-125, rh-PHC, 149
sub-126, rh-PHC, 157
sub-127, rh-PHC, 159
sub-02, rh-PRC, 83
sub-03, rh-PRC, 53
sub-04, rh-PRC, 82
sub-05, rh-PRC, 81
sub-06, rh-PRC, 98
sub-07, rh-PRC, 62
sub-08, rh-PRC, 58
sub-09, rh-PRC, 70
sub-10, rh-PRC, 78
sub-11, rh-PRC, 86
sub-12, rh-PRC, 87
sub-101, rh-PRC, 45
sub-102, rh-PRC, 76
sub-104, rh-PRC, 70
sub-105, rh-PRC, 74
sub-106, rh-PRC, 77
sub-107, rh-PRC, 57
sub-108, rh-PRC, 58
sub-109, rh-PRC, 91
sub-110, rh-PRC, 67
sub-111, rh-PRC, 108
sub-112, rh-PRC, 61
sub-113, rh-PRC, 63
sub-114, rh-PRC, 54
sub-115, rh-PRC, 69
sub-116, rh-PRC, 78
sub-117, rh-PRC, 70
sub-118, rh-PRC, 76
sub-119, rh-PRC, 62
sub-120, rh-PRC, 75
sub-121, rh-PRC, 71
sub-122, rh-PRC, 52
sub-123, rh-PRC, 87
sub-124, rh-PRC, 88
sub-125, rh-PRC, 88
sub-126, rh-PRC, 72
sub-127, rh-PRC, 56
sub-02, rh-Putamen, 439
sub-03, rh-Putamen, 442
sub-04, rh-Putamen, 447
sub-05, rh-Putamen, 427
sub-06, rh-Putamen, 439
sub-07, rh-Putamen, 443
sub-08, rh-Putamen, 422
sub-09, rh-Putamen, 427
sub-10, rh-Putamen, 447
sub-11, rh-Putamen, 454
sub-12, rh-Putamen, 439
sub-101, rh-Putamen, 443
sub-102, rh-Putamen, 460
sub-104, rh-Putamen, 425
sub-105, rh-Putamen, 427
sub-106, rh-Putamen, 432
sub-107, rh-Putamen, 441
sub-108, rh-Putamen, 456
sub-109, rh-Putamen, 426
sub-110, rh-Putamen, 443
sub-111, rh-Putamen, 442
sub-112, rh-Putamen, 455
sub-113, rh-Putamen, 444
sub-114, rh-Putamen, 430
sub-115, rh-Putamen, 435
sub-116, rh-Putamen, 412
sub-117, rh-Putamen, 454
sub-118, rh-Putamen, 452
sub-119, rh-Putamen, 430
sub-120, rh-Putamen, 452
sub-121, rh-Putamen, 437
sub-122, rh-Putamen, 354
sub-123, rh-Putamen, 450
sub-124, rh-Putamen, 435
sub-125, rh-Putamen, 438
sub-126, rh-Putamen, 454
sub-127, rh-Putamen, 452
sub-02, rh-Striatal, 763
sub-03, rh-Striatal, 795
sub-04, rh-Striatal, 784
sub-05, rh-Striatal, 765
sub-06, rh-Striatal, 812
sub-07, rh-Striatal, 804
sub-08, rh-Striatal, 752
sub-09, rh-Striatal, 752
sub-10, rh-Striatal, 748
sub-11, rh-Striatal, 799
sub-12, rh-Striatal, 769
sub-101, rh-Striatal, 740
sub-102, rh-Striatal, 809
sub-104, rh-Striatal, 751
sub-105, rh-Striatal, 739
sub-106, rh-Striatal, 743
sub-107, rh-Striatal, 737
sub-108, rh-Striatal, 784
sub-109, rh-Striatal, 746
sub-110, rh-Striatal, 797
sub-111, rh-Striatal, 781
sub-112, rh-Striatal, 802
sub-113, rh-Striatal, 765
sub-114, rh-Striatal, 803
sub-115, rh-Striatal, 771
sub-116, rh-Striatal, 733
sub-117, rh-Striatal, 766
sub-118, rh-Striatal, 798
sub-119, rh-Striatal, 739
sub-120, rh-Striatal, 764
sub-121, rh-Striatal, 768
sub-122, rh-Striatal, 668
sub-123, rh-Striatal, 788
sub-124, rh-Striatal, 733
sub-125, rh-Striatal, 755
sub-126, rh-Striatal, 758
sub-127, rh-Striatal, 782
sub-02, Striatal, 1513
sub-03, Striatal, 1619
sub-04, Striatal, 1541
sub-05, Striatal, 1545
sub-06, Striatal, 1626
sub-07, Striatal, 1607
sub-08, Striatal, 1505
sub-09, Striatal, 1508
sub-10, Striatal, 1490
sub-11, Striatal, 1599
sub-12, Striatal, 1570
sub-101, Striatal, 1505
sub-102, Striatal, 1535
sub-104, Striatal, 1509
sub-105, Striatal, 1509
sub-106, Striatal, 1516
sub-107, Striatal, 1468
sub-108, Striatal, 1508
sub-109, Striatal, 1489
sub-110, Striatal, 1590
sub-111, Striatal, 1545
sub-112, Striatal, 1587
sub-113, Striatal, 1507
sub-114, Striatal, 1578
sub-115, Striatal, 1562
sub-116, Striatal, 1516
sub-117, Striatal, 1530
sub-118, Striatal, 1591
sub-119, Striatal, 1468
sub-120, Striatal, 1494
sub-121, Striatal, 1551
sub-122, Striatal, 1442
sub-123, Striatal, 1569
sub-124, Striatal, 1471
sub-125, Striatal, 1526
sub-126, Striatal, 1527
sub-127, Striatal, 1540
sub-02, Sub, 95
sub-03, Sub, 81
sub-04, Sub, 93
sub-05, Sub, 104
sub-06, Sub, 83
sub-07, Sub, 76
sub-08, Sub, 91
sub-09, Sub, 94
sub-10, Sub, 87
sub-11, Sub, 87
sub-12, Sub, 83
sub-101, Sub, 89
sub-102, Sub, 83
sub-104, Sub, 73
sub-105, Sub, 85
sub-106, Sub, 98
sub-107, Sub, 104
sub-108, Sub, 64
sub-109, Sub, 90
sub-110, Sub, 69
sub-111, Sub, 96
sub-112, Sub, 87
sub-113, Sub, 88
sub-114, Sub, 84
sub-115, Sub, 76
sub-116, Sub, 82
sub-117, Sub, 82
sub-118, Sub, 90
sub-119, Sub, 84
sub-120, Sub, 88
sub-121, Sub, 91
sub-122, Sub, 93
sub-123, Sub, 84
sub-124, Sub, 70
sub-125, Sub, 76
sub-126, Sub, 99
sub-127, Sub, 75
sub-02, Sup_Pari, 2508
sub-03, Sup_Pari, 1685
sub-04, Sup_Pari, 2284
sub-05, Sup_Pari, 2053
sub-06, Sup_Pari, 1761
sub-07, Sup_Pari, 2495
sub-08, Sup_Pari, 2543
sub-09, Sup_Pari, 2267
sub-10, Sup_Pari, 2361
sub-11, Sup_Pari, 2366
sub-12, Sup_Pari, 2548
sub-101, Sup_Pari, 2095
sub-102, Sup_Pari, 1463
sub-104, Sup_Pari, 2344
sub-105, Sup_Pari, 2606
sub-106, Sup_Pari, 2448
sub-107, Sup_Pari, 2258
sub-108, Sup_Pari, 2431
sub-109, Sup_Pari, 2350
sub-110, Sup_Pari, 2551
sub-111, Sup_Pari, 2029
sub-112, Sup_Pari, 2190
sub-113, Sup_Pari, 2128
sub-114, Sup_Pari, 2019
sub-115, Sup_Pari, 1599
sub-116, Sup_Pari, 2261
sub-117, Sup_Pari, 2241
sub-118, Sup_Pari, 2054
sub-119, Sup_Pari, 2181
sub-120, Sup_Pari, 2378
sub-121, Sup_Pari, 2360
sub-122, Sup_Pari, 2363
sub-123, Sup_Pari, 2490
sub-124, Sup_Pari, 2417
sub-125, Sup_Pari, 2374
sub-126, Sup_Pari, 2381
sub-127, Sup_Pari, 2265
sub-02, Supra_Marginal, 1818
sub-03, Supra_Marginal, 1224
sub-04, Supra_Marginal, 1929
sub-05, Supra_Marginal, 1603
sub-06, Supra_Marginal, 1258
sub-07, Supra_Marginal, 1892
sub-08, Supra_Marginal, 1748
sub-09, Supra_Marginal, 1724
sub-10, Supra_Marginal, 1829
sub-11, Supra_Marginal, 1770
sub-12, Supra_Marginal, 1804
sub-101, Supra_Marginal, 1528
sub-102, Supra_Marginal, 1403
sub-104, Supra_Marginal, 1887
sub-105, Supra_Marginal, 1879
sub-106, Supra_Marginal, 1763
sub-107, Supra_Marginal, 1525
sub-108, Supra_Marginal, 1961
sub-109, Supra_Marginal, 1968
sub-110, Supra_Marginal, 2077
sub-111, Supra_Marginal, 1693
sub-112, Supra_Marginal, 1831
sub-113, Supra_Marginal, 1941
sub-114, Supra_Marginal, 1586
sub-115, Supra_Marginal, 1583
sub-116, Supra_Marginal, 1798
sub-117, Supra_Marginal, 1725
sub-118, Supra_Marginal, 1824
sub-119, Supra_Marginal, 1979
sub-120, Supra_Marginal, 1706
sub-121, Supra_Marginal, 1784
sub-122, Supra_Marginal, 1716
sub-123, Supra_Marginal, 1743
sub-124, Supra_Marginal, 1988
sub-125, Supra_Marginal, 2141
sub-126, Supra_Marginal, 1928
sub-127, Supra_Marginal, 1909
sub-02, Sup_Temp, 2244
sub-03, Sup_Temp, 2067
sub-04, Sup_Temp, 2392
sub-05, Sup_Temp, 2247
sub-06, Sup_Temp, 2199
sub-07, Sup_Temp, 2373
sub-08, Sup_Temp, 2106
sub-09, Sup_Temp, 2167
sub-10, Sup_Temp, 2309
sub-11, Sup_Temp, 2275
sub-12, Sup_Temp, 2219
sub-101, Sup_Temp, 1964
sub-102, Sup_Temp, 2096
sub-104, Sup_Temp, 2100
sub-105, Sup_Temp, 2055
sub-106, Sup_Temp, 2016
sub-107, Sup_Temp, 2069
sub-108, Sup_Temp, 2120
sub-109, Sup_Temp, 2341
sub-110, Sup_Temp, 2303
sub-111, Sup_Temp, 2173
sub-112, Sup_Temp, 2417
sub-113, Sup_Temp, 2019
sub-114, Sup_Temp, 2237
sub-115, Sup_Temp, 2254
sub-116, Sup_Temp, 2102
sub-117, Sup_Temp, 2134
sub-118, Sup_Temp, 2166
sub-119, Sup_Temp, 1831
sub-120, Sup_Temp, 2228
sub-121, Sup_Temp, 2203
sub-122, Sup_Temp, 2048
sub-123, Sup_Temp, 2217
sub-124, Sup_Temp, 2228
sub-125, Sup_Temp, 2416
sub-126, Sup_Temp, 2144
sub-127, Sup_Temp, 2204
sub-02, Thalamus, 1371
sub-03, Thalamus, 1438
sub-04, Thalamus, 1402
sub-05, Thalamus, 1561
sub-06, Thalamus, 1495
sub-07, Thalamus, 1437
sub-08, Thalamus, 1422
sub-09, Thalamus, 1450
sub-10, Thalamus, 1377
sub-11, Thalamus, 1589
sub-12, Thalamus, 1432
sub-101, Thalamus, 1464
sub-102, Thalamus, 1507
sub-104, Thalamus, 1383
sub-105, Thalamus, 1410
sub-106, Thalamus, 1445
sub-107, Thalamus, 1458
sub-108, Thalamus, 1464
sub-109, Thalamus, 1373
sub-110, Thalamus, 1427
sub-111, Thalamus, 1481
sub-112, Thalamus, 1367
sub-113, Thalamus, 1490
sub-114, Thalamus, 1448
sub-115, Thalamus, 1419
sub-116, Thalamus, 1434
sub-117, Thalamus, 1413
sub-118, Thalamus, 1560
sub-119, Thalamus, 1401
sub-120, Thalamus, 1303
sub-121, Thalamus, 1458
sub-122, Thalamus, 1494
sub-123, Thalamus, 1536
sub-124, Thalamus, 1370
sub-125, Thalamus, 1497
sub-126, Thalamus, 1290
sub-127, Thalamus, 1361
sub-02, TO1, 356
sub-03, TO1, 337
sub-04, TO1, 374
sub-05, TO1, 353
sub-06, TO1, 276
sub-07, TO1, 289
sub-08, TO1, 314
sub-09, TO1, 292
sub-10, TO1, 385
sub-11, TO1, 358
sub-12, TO1, 323
sub-101, TO1, 243
sub-102, TO1, 471
sub-104, TO1, 329
sub-105, TO1, 368
sub-106, TO1, 318
sub-107, TO1, 317
sub-108, TO1, 256
sub-109, TO1, 221
sub-110, TO1, 305
sub-111, TO1, 276
sub-112, TO1, 257
sub-113, TO1, 307
sub-114, TO1, 400
sub-115, TO1, 335
sub-116, TO1, 260
sub-117, TO1, 396
sub-118, TO1, 351
sub-119, TO1, 384
sub-120, TO1, 339
sub-121, TO1, 370
sub-122, TO1, 358
sub-123, TO1, 383
sub-124, TO1, 315
sub-125, TO1, 273
sub-126, TO1, 281
sub-127, TO1, 349
sub-02, TO2, 209
sub-03, TO2, 266
sub-04, TO2, 249
sub-05, TO2, 266
sub-06, TO2, 292
sub-07, TO2, 221
sub-08, TO2, 301
sub-09, TO2, 240
sub-10, TO2, 223
sub-11, TO2, 245
sub-12, TO2, 248
sub-101, TO2, 190
sub-102, TO2, 285
sub-104, TO2, 257
sub-105, TO2, 318
sub-106, TO2, 175
sub-107, TO2, 266
sub-108, TO2, 260
sub-109, TO2, 201
sub-110, TO2, 228
sub-111, TO2, 282
sub-112, TO2, 234
sub-113, TO2, 297
sub-114, TO2, 313
sub-115, TO2, 161
sub-116, TO2, 164
sub-117, TO2, 237
sub-118, TO2, 277
sub-119, TO2, 364
sub-120, TO2, 236
sub-121, TO2, 220
sub-122, TO2, 270
sub-123, TO2, 285
sub-124, TO2, 258
sub-125, TO2, 191
sub-126, TO2, 257
sub-127, TO2, 250
sub-02, Trans_Temp, 194
sub-03, Trans_Temp, 199
sub-04, Trans_Temp, 210
sub-05, Trans_Temp, 182
sub-06, Trans_Temp, 215
sub-07, Trans_Temp, 243
sub-08, Trans_Temp, 169
sub-09, Trans_Temp, 182
sub-10, Trans_Temp, 196
sub-11, Trans_Temp, 213
sub-12, Trans_Temp, 241
sub-101, Trans_Temp, 188
sub-102, Trans_Temp, 211
sub-104, Trans_Temp, 219
sub-105, Trans_Temp, 209
sub-106, Trans_Temp, 178
sub-107, Trans_Temp, 204
sub-108, Trans_Temp, 184
sub-109, Trans_Temp, 214
sub-110, Trans_Temp, 258
sub-111, Trans_Temp, 169
sub-112, Trans_Temp, 203
sub-113, Trans_Temp, 166
sub-114, Trans_Temp, 231
sub-115, Trans_Temp, 185
sub-116, Trans_Temp, 182
sub-117, Trans_Temp, 195
sub-118, Trans_Temp, 218
sub-119, Trans_Temp, 185
sub-120, Trans_Temp, 170
sub-121, Trans_Temp, 215
sub-122, Trans_Temp, 178
sub-123, Trans_Temp, 199
sub-124, Trans_Temp, 223
sub-125, Trans_Temp, 230
sub-126, Trans_Temp, 209
sub-127, Trans_Temp, 220
sub-02, V1+2+3, 2592
sub-03, V1+2+3, 2696
sub-04, V1+2+3, 3052
sub-05, V1+2+3, 2217
sub-06, V1+2+3, 2524
sub-07, V1+2+3, 2593
sub-08, V1+2+3, 2793
sub-09, V1+2+3, 2362
sub-10, V1+2+3, 2486
sub-11, V1+2+3, 2791
sub-12, V1+2+3, 2679
sub-101, V1+2+3, 2303
sub-102, V1+2+3, 2683
sub-104, V1+2+3, 2778
sub-105, V1+2+3, 2620
sub-106, V1+2+3, 2441
sub-107, V1+2+3, 2650
sub-108, V1+2+3, 2453
sub-109, V1+2+3, 2807
sub-110, V1+2+3, 2840
sub-111, V1+2+3, 2499
sub-112, V1+2+3, 2839
sub-113, V1+2+3, 2698
sub-114, V1+2+3, 2850
sub-115, V1+2+3, 2577
sub-116, V1+2+3, 2779
sub-117, V1+2+3, 2566
sub-118, V1+2+3, 2703
sub-119, V1+2+3, 2435
sub-120, V1+2+3, 2488
sub-121, V1+2+3, 2577
sub-122, V1+2+3, 2158
sub-123, V1+2+3, 2430
sub-124, V1+2+3, 2499
sub-125, V1+2+3, 2375
sub-126, V1+2+3, 2642
sub-127, V1+2+3, 2695
sub-02, V1+2, 1898
sub-03, V1+2, 1892
sub-04, V1+2, 2244
sub-05, V1+2, 1624
sub-06, V1+2, 1783
sub-07, V1+2, 1804
sub-08, V1+2, 2015
sub-09, V1+2, 1683
sub-10, V1+2, 1791
sub-11, V1+2, 2054
sub-12, V1+2, 1919
sub-101, V1+2, 1695
sub-102, V1+2, 1900
sub-104, V1+2, 2068
sub-105, V1+2, 1946
sub-106, V1+2, 1639
sub-107, V1+2, 1914
sub-108, V1+2, 1741
sub-109, V1+2, 2078
sub-110, V1+2, 2063
sub-111, V1+2, 1810
sub-112, V1+2, 2001
sub-113, V1+2, 2063
sub-114, V1+2, 2035
sub-115, V1+2, 1869
sub-116, V1+2, 2094
sub-117, V1+2, 1780
sub-118, V1+2, 1980
sub-119, V1+2, 1793
sub-120, V1+2, 1766
sub-121, V1+2, 1897
sub-122, V1+2, 1538
sub-123, V1+2, 1661
sub-124, V1+2, 1853
sub-125, V1+2, 1660
sub-126, V1+2, 1916
sub-127, V1+2, 1969
sub-02, V1.ex, 878
sub-03, V1.ex, 805
sub-04, V1.ex, 920
sub-05, V1.ex, 764
sub-06, V1.ex, 792
sub-07, V1.ex, 790
sub-08, V1.ex, 866
sub-09, V1.ex, 709
sub-10, V1.ex, 798
sub-11, V1.ex, 965
sub-12, V1.ex, 868
sub-101, V1.ex, 730
sub-102, V1.ex, 885
sub-104, V1.ex, 932
sub-105, V1.ex, 919
sub-106, V1.ex, 739
sub-107, V1.ex, 784
sub-108, V1.ex, 732
sub-109, V1.ex, 890
sub-110, V1.ex, 843
sub-111, V1.ex, 750
sub-112, V1.ex, 831
sub-113, V1.ex, 932
sub-114, V1.ex, 882
sub-115, V1.ex, 903
sub-116, V1.ex, 913
sub-117, V1.ex, 758
sub-118, V1.ex, 839
sub-119, V1.ex, 826
sub-120, V1.ex, 770
sub-121, V1.ex, 843
sub-122, V1.ex, 712
sub-123, V1.ex, 675
sub-124, V1.ex, 815
sub-125, V1.ex, 709
sub-126, V1.ex, 832
sub-127, V1.ex, 824
sub-02, V1, 1022
sub-03, V1, 920
sub-04, V1, 1076
sub-05, V1, 875
sub-06, V1, 894
sub-07, V1, 894
sub-08, V1, 1011
sub-09, V1, 843
sub-10, V1, 929
sub-11, V1, 1149
sub-12, V1, 1016
sub-101, V1, 860
sub-102, V1, 1080
sub-104, V1, 1064
sub-105, V1, 1053
sub-106, V1, 861
sub-107, V1, 934
sub-108, V1, 889
sub-109, V1, 1032
sub-110, V1, 998
sub-111, V1, 903
sub-112, V1, 983
sub-113, V1, 1120
sub-114, V1, 1021
sub-115, V1, 1025
sub-116, V1, 1081
sub-117, V1, 886
sub-118, V1, 1016
sub-119, V1, 935
sub-120, V1, 899
sub-121, V1, 995
sub-122, V1, 815
sub-123, V1, 806
sub-124, V1, 965
sub-125, V1, 863
sub-126, V1, 991
sub-127, V1, 969
sub-02, V2.ex, 1823
sub-03, V2.ex, 1958
sub-04, V2.ex, 2136
sub-05, V2.ex, 1570
sub-06, V2.ex, 1864
sub-07, V2.ex, 1893
sub-08, V2.ex, 2001
sub-09, V2.ex, 1771
sub-10, V2.ex, 1833
sub-11, V2.ex, 1958
sub-12, V2.ex, 1889
sub-101, V2.ex, 1693
sub-102, V2.ex, 1875
sub-104, V2.ex, 1955
sub-105, V2.ex, 1793
sub-106, V2.ex, 1833
sub-107, V2.ex, 1945
sub-108, V2.ex, 1868
sub-109, V2.ex, 2060
sub-110, V2.ex, 2120
sub-111, V2.ex, 1905
sub-112, V2.ex, 2143
sub-113, V2.ex, 1879
sub-114, V2.ex, 2117
sub-115, V2.ex, 1769
sub-116, V2.ex, 2002
sub-117, V2.ex, 1907
sub-118, V2.ex, 1948
sub-119, V2.ex, 1756
sub-120, V2.ex, 1827
sub-121, V2.ex, 1880
sub-122, V2.ex, 1542
sub-123, V2.ex, 1812
sub-124, V2.ex, 1855
sub-125, V2.ex, 1766
sub-126, V2.ex, 1922
sub-127, V2.ex, 1991
sub-02, V2, 861
sub-03, V2, 937
sub-04, V2, 1123
sub-05, V2, 737
sub-06, V2, 873
sub-07, V2, 893
sub-08, V2, 967
sub-09, V2, 830
sub-10, V2, 855
sub-11, V2, 889
sub-12, V2, 885
sub-101, V2, 819
sub-102, V2, 799
sub-104, V2, 980
sub-105, V2, 871
sub-106, V2, 771
sub-107, V2, 963
sub-108, V2, 847
sub-109, V2, 1033
sub-110, V2, 1053
sub-111, V2, 896
sub-112, V2, 997
sub-113, V2, 923
sub-114, V2, 995
sub-115, V2, 837
sub-116, V2, 994
sub-117, V2, 884
sub-118, V2, 948
sub-119, V2, 849
sub-120, V2, 851
sub-121, V2, 894
sub-122, V2, 716
sub-123, V2, 845
sub-124, V2, 879
sub-125, V2, 786
sub-126, V2, 910
sub-127, V2, 986
sub-02, V3a, 500
sub-03, V3a, 568
sub-04, V3a, 443
sub-05, V3a, 470
sub-06, V3a, 502
sub-07, V3a, 531
sub-08, V3a, 538
sub-09, V3a, 516
sub-10, V3a, 632
sub-11, V3a, 522
sub-12, V3a, 660
sub-101, V3a, 517
sub-102, V3a, 526
sub-104, V3a, 467
sub-105, V3a, 589
sub-106, V3a, 554
sub-107, V3a, 588
sub-108, V3a, 586
sub-109, V3a, 503
sub-110, V3a, 571
sub-111, V3a, 547
sub-112, V3a, 542
sub-113, V3a, 476
sub-114, V3a, 606
sub-115, V3a, 427
sub-116, V3a, 631
sub-117, V3a, 513
sub-118, V3a, 495
sub-119, V3a, 584
sub-120, V3a, 468
sub-121, V3a, 457
sub-122, V3a, 638
sub-123, V3a, 605
sub-124, V3a, 531
sub-125, V3a, 544
sub-126, V3a, 527
sub-127, V3a, 512
sub-02, V3b, 232
sub-03, V3b, 191
sub-04, V3b, 212
sub-05, V3b, 198
sub-06, V3b, 207
sub-07, V3b, 205
sub-08, V3b, 236
sub-09, V3b, 218
sub-10, V3b, 224
sub-11, V3b, 228
sub-12, V3b, 250
sub-101, V3b, 148
sub-102, V3b, 238
sub-104, V3b, 190
sub-105, V3b, 189
sub-106, V3b, 279
sub-107, V3b, 249
sub-108, V3b, 219
sub-109, V3b, 195
sub-110, V3b, 193
sub-111, V3b, 208
sub-112, V3b, 232
sub-113, V3b, 213
sub-114, V3b, 344
sub-115, V3b, 121
sub-116, V3b, 202
sub-117, V3b, 217
sub-118, V3b, 306
sub-119, V3b, 227
sub-120, V3b, 204
sub-121, V3b, 215
sub-122, V3b, 319
sub-123, V3b, 229
sub-124, V3b, 229
sub-125, V3b, 206
sub-126, V3b, 244
sub-127, V3b, 156
sub-02, V3, 690
sub-03, V3, 797
sub-04, V3, 801
sub-05, V3, 590
sub-06, V3, 737
sub-07, V3, 783
sub-08, V3, 776
sub-09, V3, 676
sub-10, V3, 689
sub-11, V3, 732
sub-12, V3, 759
sub-101, V3, 602
sub-102, V3, 779
sub-104, V3, 706
sub-105, V3, 667
sub-106, V3, 798
sub-107, V3, 730
sub-108, V3, 707
sub-109, V3, 717
sub-110, V3, 766
sub-111, V3, 678
sub-112, V3, 834
sub-113, V3, 635
sub-114, V3, 808
sub-115, V3, 704
sub-116, V3, 679
sub-117, V3, 784
sub-118, V3, 719
sub-119, V3, 639
sub-120, V3, 722
sub-121, V3, 676
sub-122, V3, 616
sub-123, V3, 762
sub-124, V3, 643
sub-125, V3, 713
sub-126, V3, 719
sub-127, V3, 714
sub-02, Visual, 3889
sub-03, Visual, 4169
sub-04, Visual, 4407
sub-05, Visual, 3537
sub-06, Visual, 3711
sub-07, Visual, 3912
sub-08, Visual, 4130
sub-09, Visual, 3500
sub-10, Visual, 3813
sub-11, Visual, 4067
sub-12, Visual, 4156
sub-101, Visual, 3393
sub-102, Visual, 4122
sub-104, Visual, 4024
sub-105, Visual, 3987
sub-106, Visual, 3857
sub-107, Visual, 3938
sub-108, Visual, 3720
sub-109, Visual, 4023
sub-110, Visual, 4334
sub-111, Visual, 3834
sub-112, Visual, 4143
sub-113, Visual, 3916
sub-114, Visual, 4417
sub-115, Visual, 3732
sub-116, Visual, 3964
sub-117, Visual, 3937
sub-118, Visual, 4026
sub-119, Visual, 3728
sub-120, Visual, 3650
sub-121, Visual, 3799
sub-122, Visual, 3468
sub-123, Visual, 3794
sub-124, Visual, 3771
sub-125, Visual, 3557
sub-126, Visual, 3901
sub-127, Visual, 3902
sub-02, VO1, 257
sub-03, VO1, 365
sub-04, VO1, 322
sub-05, VO1, 234
sub-06, VO1, 339
sub-07, VO1, 269
sub-08, VO1, 333
sub-09, VO1, 301
sub-10, VO1, 261
sub-11, VO1, 323
sub-12, VO1, 348
sub-101, VO1, 294
sub-102, VO1, 259
sub-104, VO1, 281
sub-105, VO1, 347
sub-106, VO1, 240
sub-107, VO1, 273
sub-108, VO1, 335
sub-109, VO1, 318
sub-110, VO1, 389
sub-111, VO1, 291
sub-112, VO1, 277
sub-113, VO1, 320
sub-114, VO1, 322
sub-115, VO1, 308
sub-116, VO1, 285
sub-117, VO1, 290
sub-118, VO1, 370
sub-119, VO1, 265
sub-120, VO1, 277
sub-121, VO1, 269
sub-122, VO1, 223
sub-123, VO1, 266
sub-124, VO1, 363
sub-125, VO1, 299
sub-126, VO1, 235
sub-127, VO1, 338
sub-02, VO2, 150
sub-03, VO2, 188
sub-04, VO2, 205
sub-05, VO2, 172
sub-06, VO2, 217
sub-07, VO2, 216
sub-08, VO2, 224
sub-09, VO2, 214
sub-10, VO2, 191
sub-11, VO2, 208
sub-12, VO2, 258
sub-101, VO2, 172
sub-102, VO2, 194
sub-104, VO2, 197
sub-105, VO2, 243
sub-106, VO2, 215
sub-107, VO2, 197
sub-108, VO2, 255
sub-109, VO2, 216
sub-110, VO2, 194
sub-111, VO2, 219
sub-112, VO2, 247
sub-113, VO2, 184
sub-114, VO2, 231
sub-115, VO2, 193
sub-116, VO2, 220
sub-117, VO2, 211
sub-118, VO2, 224
sub-119, VO2, 194
sub-120, VO2, 188
sub-121, VO2, 169
sub-122, VO2, 208
sub-123, VO2, 188
sub-124, VO2, 224
sub-125, VO2, 236
sub-126, VO2, 195
sub-127, VO2, 216
